target_host,position_0based,position_1based,shortlist_count,master_count,is_recurrent_hotspot
Acinetobacter,337,338,5,192,True
Acinetobacter,559,560,5,192,True
Acinetobacter,614,615,5,192,True
Acinetobacter,632,633,5,180,True
Acinetobacter,371,372,5,160,True
Acinetobacter,399,400,5,156,True
Acinetobacter,231,232,4,64,True
Acinetobacter,552,553,3,228,True
Acinetobacter,247,248,3,48,True
Acinetobacter,385,386,3,40,True
Acinetobacter,176,177,3,36,True
Acinetobacter,321,322,3,32,True
Acinetobacter,322,323,2,72,True
Acinetobacter,391,392,2,60,True
Acinetobacter,335,336,2,42,True
Acinetobacter,407,408,2,40,True
Acinetobacter,418,419,2,40,True
Acinetobacter,234,235,2,24,True
Acinetobacter,336,337,2,24,True
Acinetobacter,253,254,2,22,True
Acinetobacter,178,179,1,516,False
Acinetobacter,521,522,1,244,False
Acinetobacter,327,328,1,104,False
Acinetobacter,288,289,1,74,False
Acinetobacter,216,217,1,64,False
Acinetobacter,349,350,1,60,False
Acinetobacter,463,464,1,52,False
Acinetobacter,564,565,1,36,False
Acinetobacter,266,267,1,28,False
Acinetobacter,561,562,1,28,False
Acinetobacter,95,96,1,24,False
Acinetobacter,200,201,1,24,False
Acinetobacter,524,525,1,24,False
Acinetobacter,608,609,1,24,False
Acinetobacter,232,233,1,20,False
Acinetobacter,57,58,1,16,False
Acinetobacter,170,171,1,16,False
Acinetobacter,267,268,1,16,False
Acinetobacter,389,390,1,16,False
Acinetobacter,590,591,1,16,False
Acinetobacter,539,540,1,12,False
Acinetobacter,597,598,1,12,False
Acinetobacter,156,157,1,10,False
Acinetobacter,392,393,1,8,False
Acinetobacter,619,620,1,8,False
Acinetobacter,183,184,1,4,False
Acinetobacter,468,469,1,4,False
Acinetobacter,585,586,1,4,False
Acinetobacter,643,644,1,4,False
Acinetobacter,333,334,0,568,False
Acinetobacter,328,329,0,352,False
Acinetobacter,291,292,0,332,False
Acinetobacter,372,373,0,312,False
Acinetobacter,290,291,0,284,False
Acinetobacter,400,401,0,204,False
Acinetobacter,560,561,0,204,False
Acinetobacter,316,317,0,196,False
Acinetobacter,486,487,0,196,False
Acinetobacter,9,10,0,192,False
Acinetobacter,255,256,0,192,False
Acinetobacter,474,475,0,192,False
Acinetobacter,574,575,0,192,False
Acinetobacter,225,226,0,180,False
Acinetobacter,324,325,0,180,False
Acinetobacter,534,535,0,160,False
Acinetobacter,592,593,0,132,False
Acinetobacter,504,505,0,128,False
Acinetobacter,526,527,0,108,False
Acinetobacter,252,253,0,104,False
Acinetobacter,239,240,0,96,False
Acinetobacter,426,427,0,92,False
Acinetobacter,153,154,0,88,False
Acinetobacter,196,197,0,84,False
Acinetobacter,39,40,0,80,False
Acinetobacter,446,447,0,76,False
Acinetobacter,138,139,0,72,False
Acinetobacter,179,180,0,72,False
Acinetobacter,270,271,0,72,False
Acinetobacter,642,643,0,72,False
Acinetobacter,307,308,0,68,False
Acinetobacter,567,568,0,68,False
Acinetobacter,654,655,0,68,False
Acinetobacter,378,379,0,56,False
Acinetobacter,640,641,0,52,False
Acinetobacter,491,492,0,48,False
Acinetobacter,515,516,0,48,False
Acinetobacter,636,637,0,48,False
Acinetobacter,122,123,0,44,False
Acinetobacter,242,243,0,44,False
Acinetobacter,557,558,0,44,False
Acinetobacter,64,65,0,40,False
Acinetobacter,241,242,0,40,False
Acinetobacter,334,335,0,40,False
Acinetobacter,650,651,0,38,False
Acinetobacter,17,18,0,36,False
Acinetobacter,143,144,0,32,False
Acinetobacter,147,148,0,32,False
Acinetobacter,175,176,0,32,False
Acinetobacter,401,402,0,32,False
Acinetobacter,473,474,0,32,False
Acinetobacter,548,549,0,32,False
Acinetobacter,577,578,0,32,False
Acinetobacter,6,7,0,28,False
Acinetobacter,21,22,0,28,False
Acinetobacter,61,62,0,28,False
Acinetobacter,573,574,0,28,False
Acinetobacter,576,577,0,28,False
Acinetobacter,494,495,0,26,False
Acinetobacter,26,27,0,24,False
Acinetobacter,653,654,0,24,False
Acinetobacter,289,290,0,22,False
Acinetobacter,293,294,0,20,False
Acinetobacter,476,477,0,20,False
Acinetobacter,566,567,0,20,False
Acinetobacter,631,632,0,20,False
Acinetobacter,31,32,0,18,False
Acinetobacter,55,56,0,16,False
Acinetobacter,368,369,0,16,False
Acinetobacter,410,411,0,16,False
Acinetobacter,434,435,0,16,False
Acinetobacter,440,441,0,16,False
Acinetobacter,558,559,0,16,False
Acinetobacter,569,570,0,16,False
Acinetobacter,572,573,0,16,False
Acinetobacter,601,602,0,16,False
Acinetobacter,652,653,0,16,False
Acinetobacter,441,442,0,14,False
Acinetobacter,72,73,0,12,False
Acinetobacter,81,82,0,12,False
Acinetobacter,85,86,0,12,False
Acinetobacter,88,89,0,12,False
Acinetobacter,89,90,0,12,False
Acinetobacter,161,162,0,12,False
Acinetobacter,173,174,0,12,False
Acinetobacter,256,257,0,12,False
Acinetobacter,309,310,0,12,False
Acinetobacter,376,377,0,12,False
Acinetobacter,593,594,0,12,False
Acinetobacter,226,227,0,10,False
Acinetobacter,273,274,0,10,False
Acinetobacter,655,656,0,10,False
Acinetobacter,15,16,0,8,False
Acinetobacter,33,34,0,8,False
Acinetobacter,54,55,0,8,False
Acinetobacter,58,59,0,8,False
Acinetobacter,62,63,0,8,False
Acinetobacter,91,92,0,8,False
Acinetobacter,103,104,0,8,False
Acinetobacter,105,106,0,8,False
Acinetobacter,120,121,0,8,False
Acinetobacter,127,128,0,8,False
Acinetobacter,131,132,0,8,False
Acinetobacter,135,136,0,8,False
Acinetobacter,185,186,0,8,False
Acinetobacter,212,213,0,8,False
Acinetobacter,213,214,0,8,False
Acinetobacter,248,249,0,8,False
Acinetobacter,329,330,0,8,False
Acinetobacter,338,339,0,8,False
Acinetobacter,341,342,0,8,False
Acinetobacter,347,348,0,8,False
Acinetobacter,358,359,0,8,False
Acinetobacter,380,381,0,8,False
Acinetobacter,387,388,0,8,False
Acinetobacter,413,414,0,8,False
Acinetobacter,416,417,0,8,False
Acinetobacter,451,452,0,8,False
Acinetobacter,467,468,0,8,False
Acinetobacter,482,483,0,8,False
Acinetobacter,498,499,0,8,False
Acinetobacter,528,529,0,8,False
Acinetobacter,546,547,0,8,False
Acinetobacter,550,551,0,8,False
Acinetobacter,551,552,0,8,False
Acinetobacter,555,556,0,8,False
Acinetobacter,556,557,0,8,False
Acinetobacter,586,587,0,8,False
Acinetobacter,600,601,0,8,False
Acinetobacter,604,605,0,8,False
Acinetobacter,618,619,0,8,False
Acinetobacter,2,3,0,6,False
Acinetobacter,51,52,0,6,False
Acinetobacter,250,251,0,6,False
Acinetobacter,276,277,0,6,False
Acinetobacter,466,467,0,6,False
Acinetobacter,1,2,0,4,False
Acinetobacter,4,5,0,4,False
Acinetobacter,12,13,0,4,False
Acinetobacter,13,14,0,4,False
Acinetobacter,16,17,0,4,False
Acinetobacter,25,26,0,4,False
Acinetobacter,32,33,0,4,False
Acinetobacter,37,38,0,4,False
Acinetobacter,38,39,0,4,False
Acinetobacter,45,46,0,4,False
Acinetobacter,46,47,0,4,False
Acinetobacter,47,48,0,4,False
Acinetobacter,49,50,0,4,False
Acinetobacter,56,57,0,4,False
Acinetobacter,66,67,0,4,False
Acinetobacter,68,69,0,4,False
Acinetobacter,69,70,0,4,False
Acinetobacter,80,81,0,4,False
Acinetobacter,86,87,0,4,False
Acinetobacter,92,93,0,4,False
Acinetobacter,101,102,0,4,False
Acinetobacter,109,110,0,4,False
Acinetobacter,114,115,0,4,False
Acinetobacter,116,117,0,4,False
Acinetobacter,117,118,0,4,False
Acinetobacter,126,127,0,4,False
Acinetobacter,130,131,0,4,False
Acinetobacter,133,134,0,4,False
Acinetobacter,134,135,0,4,False
Acinetobacter,144,145,0,4,False
Acinetobacter,145,146,0,4,False
Acinetobacter,154,155,0,4,False
Acinetobacter,167,168,0,4,False
Acinetobacter,181,182,0,4,False
Acinetobacter,184,185,0,4,False
Acinetobacter,188,189,0,4,False
Acinetobacter,191,192,0,4,False
Acinetobacter,194,195,0,4,False
Acinetobacter,197,198,0,4,False
Acinetobacter,199,200,0,4,False
Acinetobacter,202,203,0,4,False
Acinetobacter,205,206,0,4,False
Acinetobacter,206,207,0,4,False
Acinetobacter,210,211,0,4,False
Acinetobacter,218,219,0,4,False
Acinetobacter,221,222,0,4,False
Acinetobacter,223,224,0,4,False
Acinetobacter,229,230,0,4,False
Acinetobacter,236,237,0,4,False
Acinetobacter,237,238,0,4,False
Acinetobacter,244,245,0,4,False
Acinetobacter,249,250,0,4,False
Acinetobacter,278,279,0,4,False
Acinetobacter,283,284,0,4,False
Acinetobacter,287,288,0,4,False
Acinetobacter,292,293,0,4,False
Acinetobacter,294,295,0,4,False
Acinetobacter,296,297,0,4,False
Acinetobacter,306,307,0,4,False
Acinetobacter,312,313,0,4,False
Acinetobacter,315,316,0,4,False
Acinetobacter,318,319,0,4,False
Acinetobacter,326,327,0,4,False
Acinetobacter,339,340,0,4,False
Acinetobacter,340,341,0,4,False
Acinetobacter,346,347,0,4,False
Acinetobacter,350,351,0,4,False
Acinetobacter,353,354,0,4,False
Acinetobacter,356,357,0,4,False
Acinetobacter,357,358,0,4,False
Acinetobacter,361,362,0,4,False
Acinetobacter,364,365,0,4,False
Acinetobacter,373,374,0,4,False
Acinetobacter,383,384,0,4,False
Acinetobacter,384,385,0,4,False
Acinetobacter,396,397,0,4,False
Acinetobacter,398,399,0,4,False
Acinetobacter,402,403,0,4,False
Acinetobacter,404,405,0,4,False
Acinetobacter,405,406,0,4,False
Acinetobacter,406,407,0,4,False
Acinetobacter,415,416,0,4,False
Acinetobacter,423,424,0,4,False
Acinetobacter,433,434,0,4,False
Acinetobacter,450,451,0,4,False
Acinetobacter,454,455,0,4,False
Acinetobacter,456,457,0,4,False
Acinetobacter,458,459,0,4,False
Acinetobacter,461,462,0,4,False
Acinetobacter,462,463,0,4,False
Acinetobacter,464,465,0,4,False
Acinetobacter,475,476,0,4,False
Acinetobacter,479,480,0,4,False
Acinetobacter,480,481,0,4,False
Acinetobacter,481,482,0,4,False
Acinetobacter,487,488,0,4,False
Acinetobacter,488,489,0,4,False
Acinetobacter,502,503,0,4,False
Acinetobacter,505,506,0,4,False
Acinetobacter,508,509,0,4,False
Acinetobacter,509,510,0,4,False
Acinetobacter,511,512,0,4,False
Acinetobacter,512,513,0,4,False
Acinetobacter,513,514,0,4,False
Acinetobacter,518,519,0,4,False
Acinetobacter,519,520,0,4,False
Acinetobacter,520,521,0,4,False
Acinetobacter,525,526,0,4,False
Acinetobacter,541,542,0,4,False
Acinetobacter,545,546,0,4,False
Acinetobacter,547,548,0,4,False
Acinetobacter,562,563,0,4,False
Acinetobacter,579,580,0,4,False
Acinetobacter,580,581,0,4,False
Acinetobacter,583,584,0,4,False
Acinetobacter,584,585,0,4,False
Acinetobacter,595,596,0,4,False
Acinetobacter,609,610,0,4,False
Acinetobacter,612,613,0,4,False
Acinetobacter,622,623,0,4,False
Acinetobacter,627,628,0,4,False
Acinetobacter,628,629,0,4,False
Acinetobacter,630,631,0,4,False
Acinetobacter,634,635,0,4,False
Acinetobacter,637,638,0,4,False
Acinetobacter,641,642,0,4,False
Acinetobacter,646,647,0,4,False
Acinetobacter,23,24,0,2,False
Acinetobacter,73,74,0,2,False
Acinetobacter,208,209,0,2,False
Acinetobacter,240,241,0,2,False
Acinetobacter,319,320,0,2,False
Acinetobacter,351,352,0,2,False
Acinetobacter,591,592,0,2,False
Acinetobacter,607,608,0,2,False
Acinetobacter,623,624,0,2,False
Acinetobacter,649,650,0,2,False
Enterobacter,372,373,10,959,True
Enterobacter,521,522,10,904,True
Enterobacter,259,260,10,621,True
Enterobacter,526,527,9,712,True
Enterobacter,196,197,9,276,True
Enterobacter,522,523,8,437,True
Enterobacter,328,329,5,886,True
Enterobacter,504,505,5,731,True
Enterobacter,515,516,4,468,True
Enterobacter,573,574,3,301,True
Enterobacter,373,374,2,350,True
Enterobacter,334,335,2,192,True
Enterobacter,178,179,2,16,True
Enterobacter,127,128,1,515,False
Enterobacter,161,162,1,302,False
Enterobacter,560,561,1,254,False
Enterobacter,21,22,1,226,False
Enterobacter,567,568,1,199,False
Enterobacter,239,240,1,121,False
Enterobacter,592,593,1,26,False
Enterobacter,454,455,0,217,False
Enterobacter,424,425,0,212,False
Enterobacter,640,641,0,208,False
Enterobacter,171,172,0,204,False
Enterobacter,616,617,0,200,False
Enterobacter,503,504,0,196,False
Enterobacter,587,588,0,196,False
Enterobacter,631,632,0,188,False
Enterobacter,49,50,0,172,False
Enterobacter,353,354,0,172,False
Enterobacter,604,605,0,156,False
Enterobacter,309,310,0,128,False
Enterobacter,426,427,0,127,False
Enterobacter,31,32,0,120,False
Enterobacter,131,132,0,113,False
Enterobacter,619,620,0,112,False
Enterobacter,586,587,0,100,False
Enterobacter,324,325,0,97,False
Enterobacter,598,599,0,97,False
Enterobacter,224,225,0,96,False
Enterobacter,332,333,0,96,False
Enterobacter,570,571,0,96,False
Enterobacter,291,292,0,93,False
Enterobacter,104,105,0,92,False
Enterobacter,26,27,0,86,False
Enterobacter,534,535,0,78,False
Enterobacter,93,94,0,76,False
Enterobacter,648,649,0,76,False
Enterobacter,532,533,0,72,False
Enterobacter,61,62,0,70,False
Enterobacter,330,331,0,68,False
Enterobacter,517,518,0,64,False
Enterobacter,201,202,0,48,False
Enterobacter,229,230,0,48,False
Enterobacter,225,226,0,45,False
Enterobacter,242,243,0,44,False
Enterobacter,441,442,0,44,False
Enterobacter,510,511,0,44,False
Enterobacter,544,545,0,44,False
Enterobacter,141,142,0,40,False
Enterobacter,508,509,0,40,False
Enterobacter,528,529,0,40,False
Enterobacter,283,284,0,39,False
Enterobacter,642,643,0,37,False
Enterobacter,25,26,0,36,False
Enterobacter,535,536,0,36,False
Enterobacter,636,637,0,36,False
Enterobacter,647,648,0,36,False
Enterobacter,39,40,0,32,False
Enterobacter,58,59,0,32,False
Enterobacter,322,323,0,32,False
Enterobacter,614,615,0,32,False
Enterobacter,120,121,0,28,False
Enterobacter,286,287,0,28,False
Enterobacter,464,465,0,28,False
Enterobacter,468,469,0,28,False
Enterobacter,64,65,0,26,False
Enterobacter,12,13,0,24,False
Enterobacter,101,102,0,24,False
Enterobacter,116,117,0,24,False
Enterobacter,375,376,0,24,False
Enterobacter,440,441,0,24,False
Enterobacter,519,520,0,24,False
Enterobacter,583,584,0,24,False
Enterobacter,154,155,0,23,False
Enterobacter,333,334,0,23,False
Enterobacter,290,291,0,21,False
Enterobacter,53,54,0,20,False
Enterobacter,108,109,0,20,False
Enterobacter,165,166,0,20,False
Enterobacter,379,380,0,20,False
Enterobacter,390,391,0,20,False
Enterobacter,395,396,0,20,False
Enterobacter,425,426,0,20,False
Enterobacter,589,590,0,20,False
Enterobacter,608,609,0,20,False
Enterobacter,9,10,0,16,False
Enterobacter,213,214,0,16,False
Enterobacter,215,216,0,16,False
Enterobacter,296,297,0,16,False
Enterobacter,313,314,0,16,False
Enterobacter,409,410,0,16,False
Enterobacter,452,453,0,16,False
Enterobacter,497,498,0,16,False
Enterobacter,505,506,0,16,False
Enterobacter,568,569,0,16,False
Enterobacter,601,602,0,14,False
Enterobacter,88,89,0,12,False
Enterobacter,121,122,0,12,False
Enterobacter,210,211,0,12,False
Enterobacter,270,271,0,12,False
Enterobacter,381,382,0,12,False
Enterobacter,442,443,0,12,False
Enterobacter,451,452,0,12,False
Enterobacter,479,480,0,12,False
Enterobacter,487,488,0,12,False
Enterobacter,500,501,0,12,False
Enterobacter,516,517,0,12,False
Enterobacter,565,566,0,12,False
Enterobacter,602,603,0,12,False
Enterobacter,610,611,0,12,False
Enterobacter,651,652,0,12,False
Enterobacter,539,540,0,10,False
Enterobacter,5,6,0,8,False
Enterobacter,35,36,0,8,False
Enterobacter,38,39,0,8,False
Enterobacter,51,52,0,8,False
Enterobacter,56,57,0,8,False
Enterobacter,75,76,0,8,False
Enterobacter,85,86,0,8,False
Enterobacter,106,107,0,8,False
Enterobacter,111,112,0,8,False
Enterobacter,143,144,0,8,False
Enterobacter,144,145,0,8,False
Enterobacter,184,185,0,8,False
Enterobacter,194,195,0,8,False
Enterobacter,235,236,0,8,False
Enterobacter,237,238,0,8,False
Enterobacter,280,281,0,8,False
Enterobacter,287,288,0,8,False
Enterobacter,364,365,0,8,False
Enterobacter,378,379,0,8,False
Enterobacter,382,383,0,8,False
Enterobacter,411,412,0,8,False
Enterobacter,419,420,0,8,False
Enterobacter,421,422,0,8,False
Enterobacter,469,470,0,8,False
Enterobacter,483,484,0,8,False
Enterobacter,486,487,0,8,False
Enterobacter,502,503,0,8,False
Enterobacter,530,531,0,8,False
Enterobacter,542,543,0,8,False
Enterobacter,553,554,0,8,False
Enterobacter,597,598,0,8,False
Enterobacter,138,139,0,5,False
Enterobacter,498,499,0,5,False
Enterobacter,1,2,0,4,False
Enterobacter,2,3,0,4,False
Enterobacter,3,4,0,4,False
Enterobacter,19,20,0,4,False
Enterobacter,33,34,0,4,False
Enterobacter,42,43,0,4,False
Enterobacter,44,45,0,4,False
Enterobacter,54,55,0,4,False
Enterobacter,65,66,0,4,False
Enterobacter,68,69,0,4,False
Enterobacter,72,73,0,4,False
Enterobacter,77,78,0,4,False
Enterobacter,80,81,0,4,False
Enterobacter,81,82,0,4,False
Enterobacter,87,88,0,4,False
Enterobacter,89,90,0,4,False
Enterobacter,90,91,0,4,False
Enterobacter,99,100,0,4,False
Enterobacter,100,101,0,4,False
Enterobacter,105,106,0,4,False
Enterobacter,113,114,0,4,False
Enterobacter,118,119,0,4,False
Enterobacter,130,131,0,4,False
Enterobacter,133,134,0,4,False
Enterobacter,134,135,0,4,False
Enterobacter,142,143,0,4,False
Enterobacter,145,146,0,4,False
Enterobacter,160,161,0,4,False
Enterobacter,163,164,0,4,False
Enterobacter,170,171,0,4,False
Enterobacter,172,173,0,4,False
Enterobacter,175,176,0,4,False
Enterobacter,182,183,0,4,False
Enterobacter,189,190,0,4,False
Enterobacter,190,191,0,4,False
Enterobacter,195,196,0,4,False
Enterobacter,199,200,0,4,False
Enterobacter,202,203,0,4,False
Enterobacter,204,205,0,4,False
Enterobacter,220,221,0,4,False
Enterobacter,233,234,0,4,False
Enterobacter,234,235,0,4,False
Enterobacter,240,241,0,4,False
Enterobacter,247,248,0,4,False
Enterobacter,250,251,0,4,False
Enterobacter,252,253,0,4,False
Enterobacter,263,264,0,4,False
Enterobacter,275,276,0,4,False
Enterobacter,276,277,0,4,False
Enterobacter,277,278,0,4,False
Enterobacter,282,283,0,4,False
Enterobacter,285,286,0,4,False
Enterobacter,289,290,0,4,False
Enterobacter,293,294,0,4,False
Enterobacter,298,299,0,4,False
Enterobacter,301,302,0,4,False
Enterobacter,303,304,0,4,False
Enterobacter,306,307,0,4,False
Enterobacter,308,309,0,4,False
Enterobacter,314,315,0,4,False
Enterobacter,319,320,0,4,False
Enterobacter,326,327,0,4,False
Enterobacter,331,332,0,4,False
Enterobacter,339,340,0,4,False
Enterobacter,341,342,0,4,False
Enterobacter,342,343,0,4,False
Enterobacter,344,345,0,4,False
Enterobacter,346,347,0,4,False
Enterobacter,347,348,0,4,False
Enterobacter,348,349,0,4,False
Enterobacter,350,351,0,4,False
Enterobacter,361,362,0,4,False
Enterobacter,362,363,0,4,False
Enterobacter,376,377,0,4,False
Enterobacter,386,387,0,4,False
Enterobacter,388,389,0,4,False
Enterobacter,392,393,0,4,False
Enterobacter,393,394,0,4,False
Enterobacter,401,402,0,4,False
Enterobacter,402,403,0,4,False
Enterobacter,404,405,0,4,False
Enterobacter,405,406,0,4,False
Enterobacter,406,407,0,4,False
Enterobacter,410,411,0,4,False
Enterobacter,420,421,0,4,False
Enterobacter,428,429,0,4,False
Enterobacter,436,437,0,4,False
Enterobacter,449,450,0,4,False
Enterobacter,456,457,0,4,False
Enterobacter,459,460,0,4,False
Enterobacter,461,462,0,4,False
Enterobacter,470,471,0,4,False
Enterobacter,472,473,0,4,False
Enterobacter,480,481,0,4,False
Enterobacter,481,482,0,4,False
Enterobacter,482,483,0,4,False
Enterobacter,490,491,0,4,False
Enterobacter,494,495,0,4,False
Enterobacter,495,496,0,4,False
Enterobacter,499,500,0,4,False
Enterobacter,501,502,0,4,False
Enterobacter,514,515,0,4,False
Enterobacter,520,521,0,4,False
Enterobacter,523,524,0,4,False
Enterobacter,524,525,0,4,False
Enterobacter,525,526,0,4,False
Enterobacter,529,530,0,4,False
Enterobacter,533,534,0,4,False
Enterobacter,549,550,0,4,False
Enterobacter,551,552,0,4,False
Enterobacter,554,555,0,4,False
Enterobacter,556,557,0,4,False
Enterobacter,561,562,0,4,False
Enterobacter,578,579,0,4,False
Enterobacter,579,580,0,4,False
Enterobacter,582,583,0,4,False
Enterobacter,605,606,0,4,False
Enterobacter,612,613,0,4,False
Enterobacter,613,614,0,4,False
Enterobacter,618,619,0,4,False
Enterobacter,621,622,0,4,False
Enterobacter,624,625,0,4,False
Enterobacter,625,626,0,4,False
Enterobacter,627,628,0,4,False
Enterobacter,629,630,0,4,False
Enterobacter,634,635,0,4,False
Enterobacter,639,640,0,4,False
Enterobacter,644,645,0,4,False
Enterobacter,645,646,0,4,False
Enterobacter,649,650,0,4,False
Enterobacter,652,653,0,4,False
