run_name,run_dir,method,candidate_id,round,rank_in_round,protein_id,virus_accession,source_host,target_host,pred_label,target_score,selection_score,seed_cosine_similarity,seed_novelty_distance,n_mutations,mutations,aa_sequence,seed_protein_id,seed_sequence,optimization_seed,model_path,label_classes_path,seq_dist_from_seed,strict_nn_protein_id,strict_nn_host,strict_nn_product,strict_nn_cosine,strict_top5_mean_cosine,strict_annotation_is_rbp_like,structural_nn_protein_id,structural_nn_host,structural_nn_product,structural_nn_cosine,structural_top5_mean_cosine,structural_annotation_is_rbp_like,structural_plus_nn_protein_id,structural_plus_nn_host,structural_plus_nn_product,structural_plus_nn_cosine,structural_plus_top5_mean_cosine,structural_plus_annotation_is_rbp_like,pll_candidate_mean,pll_seed_mean,pll_delta_candidate_minus_seed,strict_manifold_score,family_retention_flag,passes_mutation_budget,passes_manifold_floor,passes_family_retention,passes_naturalness,validated_pass,actual_seq_dist_from_seed,actual_mutation_list,actual_n_mutations,mutation_count_disagreement,strict_annotation_is_rbp_like_patched,structural_annotation_is_rbp_like_patched,structural_plus_annotation_is_rbp_like_patched,family_retention_flag_patched,passes_actual_mutation_budget,passes_strict_cosine_floor,passes_strict_top5_floor,passes_naturalness_patched,validated_pass_patched,method_family,z_target_score,z_strict_nn_cosine,z_strict_top5_mean_cosine,z_pll_delta,z_actual_mutations_penalty,corrected_rank_score,shortlist_target,shortlist_strategy
kleb_to_enterobacter_structural_entropy_diversity_novelty_seed42,/content/phageforge_extracted/phageforge/results/design_runs/kleb_to_enterobacter_structural_entropy_diversity_novelty_seed42,kleb_to_enterobacter_structural_entropy_diversity_novelty_seed42,round4_cand126,4,21,QFR57578.1,MN434096,Klebsiella,Enterobacter,Enterobacter,0.6039592162199577,0.5739751574076971,0.9994686245918274,0.0005313754081726,2,P179N;W505R,MGFYAGRIGDKKVLSLTSGNNKDVNNHTNPGWDTIFHSDMPHVVVLETHERDLWDGGDWYRCTRMPDRIIQVLSADYDRVVLTEVEFEDGTRRFIYGTSLGVGAKAYNAYFSNTVGSQASAGTMASMKTNVCASADLHMDVSFYFEETPGTINEKLRDGTGCMYTWGVNSEWGDRGPGNPVGAPIRPNFETIIKAGRVLYRGAFSGNIAGSVSPPNRPLTIGADAMRHPWMRTTGVNSICLRGETLNRNIYGHMGPRYGPGSNPVGGPYAHNIQTESYQEVQYKAGFFRGPPNNFMGWENTDNNNAGSGWGNNAIYRDNNFRVPKRVRWYITNMKYNGQGFYAENVFGSRNQEIKISPREFIVNGINLMNTGTKFINQNDINYSPGNRPDIRVIATNVARFNGDATIGNNGYTQFNQPLTRPDNSAEFGQGNVSAMHVTTVGVYNFRSDAQWYVKSNPPEIGNQWGPVWSEATRPLRLVGGTGSADIGGNLRTSGNASHHLATLRLGVNNSRNGACVVTLDPDNDEIIAAAGIGCYNPLEDLTQWSEVDSRLRIFGNNFQKRVHQIMCLPVNMCVPFHFIRGTVVQCGVIPGHNAMQMKAMWAPATTNSATQGDYAITYWLVARADGSVEVWVNVEMSNIMNMRVILPEVRIAVQRLA,QFR57578.1,MGFYAGRIGDKKVLSLTSGNNKDVNNHTNPGWDTIFHSDMPHVVVLETHERDLWDGGDWYRCTRMPDRIIQVLSADYDRVVLTEVEFEDGTRRFIYGTSLGVGAKAYNAYFSNTVGSQASAGTMASMKTNVCASADLHMDVSFYFEETPGTINEKLRDGTGCMYTWGVNSEWGDRGPGPPVGAPIRPNFETIIKAGWVLYRGAFSGNIAGSVSPPNRPLTIGADAMRHPWMRTTGVNSICLRGETLNRNIYGHMGPRYGKGSNPVGGPYAHNIQTESYQEVQYKAGFFRGPPNNFMGWENTDNNNAGSGWGNNAIYRDNNFRVPKRVRWYITNMKYNGQGFYAENVFGSRNQEIKISPREFIVNGINLMNTGWKFINQNDINYSPGNRPDIRVIATNVARFNGDATIGNNGYTQFNQPLTRPDNSAEFGQGNVSAMHVTTVGVYNFRSDAQWYVKSNPPEIGNQWGPVWSEATRPLRLVGGTGSADIGGNLRTSGNASHHLATLWLGVNNSRNGACVVTLDWKNDEWIAAAGIGCYNPLEDLTQWSEVDSRLRIFGNNFQKRVHQIMCLPVNMCVPFHFIRGTVVQCGVIPGHNAMQMKAMWAPATTNSATQGDYAITYWLVARADGSVEVWVNVEMSNIMNMRVILPEVRIAVQRLA,42,results/broad/linear_probe/seed_42/model.joblib,results/broad/linear_probe/seed_42/label_classes.json,8,QFR57578.1,Klebsiella,receptor-binding protein,0.9994680881500244,0.9970868825912476,False,QFR57578.1,Klebsiella,receptor-binding protein,0.9994680881500244,0.9970868825912476,False,QFR57578.1,Klebsiella,receptor-binding protein,0.9994680881500244,0.9970868825912476,False,-2.276557207107544,-4.028963208198547,1.7524060010910034,0.998277485370636,False,True,True,False,True,False,8,P179N;W197R;K260P;W373T;W505R;W522P;K523D;W527I,8,True,True,True,True,True,True,True,True,True,True,diversity+novelty,0.6155851019266326,0.5739024917752714,0.9228348711735004,1.050454576371005,-1.626771576598,0.8791594936022784,Enterobacter,validated_only
kleb_to_enterobacter_structural_entropy_diversity_novelty_seed42,/content/phageforge_extracted/phageforge/results/design_runs/kleb_to_enterobacter_structural_entropy_diversity_novelty_seed42,kleb_to_enterobacter_structural_entropy_diversity_novelty_seed42,round4_cand97,4,2,QFR57578.1,MN434096,Klebsiella,Enterobacter,Enterobacter,0.615740058261534,0.5857597284648621,0.9993443489074708,0.0006556510925292,3,C240N;W505N;H593L,MGFYAGRIGDKKVLSLTSGNNKDVNNHTNPGWDTIFHSDMPHVVVLETHERDLWDGGDWYRCTRMPDRIIQVLSADYDRVVLTEVEFEDGTRRFIYGTSLGVGAKAYNAYFSNTVGSQASAGTMASMKTNVCASADLHMDVSFYFEETPGTINEKLRDGTGCMYTWGVNSEWGDRGPGPPVGAPIRPNFETIIKAGRVLYRGAFSGNIAGSVSPPNRPLTIGADAMRHPWMRTTGVNSINLRGETLNRNIYGHMGPRYGPGSNPVGGPYAHNIQTESYQEVQYKAGFFRGPPNNFMGWENTDNNNAGSGWGNNAIYRDNNFRVPKRVRWYITNMKYNGQGFYAENVFGSRNQEIKISPREFIVNGINLMNTGTKFINQNDINYSPGNRPDIRVIATNVARFNGDATIGNNGYTQFNQPLTRPDNSAEFGQGNVSAMHVTTVGVYNFRSDAQWYVKSNPPEIGNQWGPVWSEATRPLRLVGGTGSADIGGNLRTSGNASHHLATLNLGVNNSRNGACVVTLDPDNDEIIAAAGIGCYNPLEDLTQWSEVDSRLRIFGNNFQKRVHQIMCLPVNMCVPFHFIRGTVVQCGVIPGLNAMQMKAMWAPATTNSATQGDYAITYWLVARADGSVEVWVNVEMSNIMNMRVILPEVRIAVQRLA,QFR57578.1,MGFYAGRIGDKKVLSLTSGNNKDVNNHTNPGWDTIFHSDMPHVVVLETHERDLWDGGDWYRCTRMPDRIIQVLSADYDRVVLTEVEFEDGTRRFIYGTSLGVGAKAYNAYFSNTVGSQASAGTMASMKTNVCASADLHMDVSFYFEETPGTINEKLRDGTGCMYTWGVNSEWGDRGPGPPVGAPIRPNFETIIKAGWVLYRGAFSGNIAGSVSPPNRPLTIGADAMRHPWMRTTGVNSICLRGETLNRNIYGHMGPRYGKGSNPVGGPYAHNIQTESYQEVQYKAGFFRGPPNNFMGWENTDNNNAGSGWGNNAIYRDNNFRVPKRVRWYITNMKYNGQGFYAENVFGSRNQEIKISPREFIVNGINLMNTGWKFINQNDINYSPGNRPDIRVIATNVARFNGDATIGNNGYTQFNQPLTRPDNSAEFGQGNVSAMHVTTVGVYNFRSDAQWYVKSNPPEIGNQWGPVWSEATRPLRLVGGTGSADIGGNLRTSGNASHHLATLWLGVNNSRNGACVVTLDWKNDEWIAAAGIGCYNPLEDLTQWSEVDSRLRIFGNNFQKRVHQIMCLPVNMCVPFHFIRGTVVQCGVIPGHNAMQMKAMWAPATTNSATQGDYAITYWLVARADGSVEVWVNVEMSNIMNMRVILPEVRIAVQRLA,42,results/broad/linear_probe/seed_42/model.joblib,results/broad/linear_probe/seed_42/label_classes.json,9,WWD14686.1,Klebsiella,receptor binding tail protein,0.9993664026260376,0.9969727396965028,True,WWD14686.1,Klebsiella,receptor binding tail protein,0.9993664026260376,0.9969727396965028,True,WWD14686.1,Klebsiella,receptor binding tail protein,0.9993664026260376,0.9969727396965028,True,-2.3854707876841226,-4.3178378740946455,1.932367086410523,0.99816957116127,True,True,True,True,True,True,9,W197R;C240N;K260P;W373T;W505N;W522P;K523D;W527I;H593L,9,True,True,True,True,True,True,True,True,True,True,diversity+novelty,0.9784276969672268,0.2489500300981399,0.6374772663208802,1.302393457078449,-0.8288129876846577,0.8763918784381521,Enterobacter,validated_only
kleb_to_enterobacter_structural_entropy_diversity_novelty_seed42,/content/phageforge_extracted/phageforge/results/design_runs/kleb_to_enterobacter_structural_entropy_diversity_novelty_seed42,kleb_to_enterobacter_structural_entropy_diversity_novelty_seed42,round4_cand121,4,30,QFR57578.1,MN434096,Klebsiella,Enterobacter,Enterobacter,0.6014742985201821,0.5714915118945584,0.999426245689392,0.0005737543106079,2,W329N;C568T,MGFYAGRIGDKKVLSLTSGNNKDVNNHTNPGWDTIFHSDMPHVVVLETHERDLWDGGDWYRCTRMPDRIIQVLSADYDRVVLTEVEFEDGTRRFIYGTSLGVGAKAYNAYFSNTVGSQASAGTMASMKTNVCASADLHMDVSFYFEETPGTINEKLRDGTGCMYTWGVNSEWGDRGPGPPVGAPIRPNFETIIKAGRVLYRGAFSGNIAGSVSPPNRPLTIGADAMRHPWMRTTGVNSICLRGETLNRNIYGHMGPRYGPGSNPVGGPYAHNIQTESYQEVQYKAGFFRGPPNNFMGWENTDNNNAGSGWGNNAIYRDNNFRVPKRVRNYITNMKYNGQGFYAENVFGSRNQEIKISPREFIVNGINLMNTGTKFINQNDINYSPGNRPDIRVIATNVARFNGDATIGNNGYTQFNQPLTRPDNSAEFGQGNVSAMHVTTVGVYNFRSDAQWYVKSNPPEIGNQWGPVWSEATRPLRLVGGTGSADIGGNLRTSGNASHHLATLWLGVNNSRNGACVVTLDPDNDEIIAAAGIGCYNPLEDLTQWSEVDSRLRIFGNNFQKRVHQIMTLPVNMCVPFHFIRGTVVQCGVIPGHNAMQMKAMWAPATTNSATQGDYAITYWLVARADGSVEVWVNVEMSNIMNMRVILPEVRIAVQRLA,QFR57578.1,MGFYAGRIGDKKVLSLTSGNNKDVNNHTNPGWDTIFHSDMPHVVVLETHERDLWDGGDWYRCTRMPDRIIQVLSADYDRVVLTEVEFEDGTRRFIYGTSLGVGAKAYNAYFSNTVGSQASAGTMASMKTNVCASADLHMDVSFYFEETPGTINEKLRDGTGCMYTWGVNSEWGDRGPGPPVGAPIRPNFETIIKAGWVLYRGAFSGNIAGSVSPPNRPLTIGADAMRHPWMRTTGVNSICLRGETLNRNIYGHMGPRYGKGSNPVGGPYAHNIQTESYQEVQYKAGFFRGPPNNFMGWENTDNNNAGSGWGNNAIYRDNNFRVPKRVRWYITNMKYNGQGFYAENVFGSRNQEIKISPREFIVNGINLMNTGWKFINQNDINYSPGNRPDIRVIATNVARFNGDATIGNNGYTQFNQPLTRPDNSAEFGQGNVSAMHVTTVGVYNFRSDAQWYVKSNPPEIGNQWGPVWSEATRPLRLVGGTGSADIGGNLRTSGNASHHLATLWLGVNNSRNGACVVTLDWKNDEWIAAAGIGCYNPLEDLTQWSEVDSRLRIFGNNFQKRVHQIMCLPVNMCVPFHFIRGTVVQCGVIPGHNAMQMKAMWAPATTNSATQGDYAITYWLVARADGSVEVWVNVEMSNIMNMRVILPEVRIAVQRLA,42,results/broad/linear_probe/seed_42/model.joblib,results/broad/linear_probe/seed_42/label_classes.json,8,WWD14686.1,Klebsiella,receptor binding tail protein,0.9994475841522216,0.9971085786819458,True,WWD14686.1,Klebsiella,receptor binding tail protein,0.9994475841522216,0.9971085786819458,True,WWD14686.1,Klebsiella,receptor binding tail protein,0.9994475841522216,0.9971085786819458,True,-2.394089818000793,-4.330905914306641,1.9368160963058472,0.9982780814170836,True,True,True,True,True,True,8,W197R;K260P;W329N;W373T;W522P;K523D;W527I;C568T,8,True,True,True,True,True,True,True,True,True,True,diversity+novelty,0.5390511849564441,0.5083786659736662,0.977075167866166,1.308621906808535,-1.626771576598,0.8751994185848215,Enterobacter,validated_only
kleb_to_enterobacter_structural_entropy_diversity_novelty_seed42,/content/phageforge_extracted/phageforge/results/design_runs/kleb_to_enterobacter_structural_entropy_diversity_novelty_seed42,kleb_to_enterobacter_structural_entropy_diversity_novelty_seed42,round4_cand76,4,49,QFR57578.1,MN434096,Klebsiella,Enterobacter,Enterobacter,0.5962769705853217,0.5662953238985293,0.9993882179260254,0.0006117820739746,2,K561S;C574R,MGFYAGRIGDKKVLSLTSGNNKDVNNHTNPGWDTIFHSDMPHVVVLETHERDLWDGGDWYRCTRMPDRIIQVLSADYDRVVLTEVEFEDGTRRFIYGTSLGVGAKAYNAYFSNTVGSQASAGTMASMKTNVCASADLHMDVSFYFEETPGTINEKLRDGTGCMYTWGVNSEWGDRGPGPPVGAPIRPNFETIIKAGRVLYRGAFSGNIAGSVSPPNRPLTIGADAMRHPWMRTTGVNSICLRGETLNRNIYGHMGPRYGPGSNPVGGPYAHNIQTESYQEVQYKAGFFRGPPNNFMGWENTDNNNAGSGWGNNAIYRDNNFRVPKRVRWYITNMKYNGQGFYAENVFGSRNQEIKISPREFIVNGINLMNTGTKFINQNDINYSPGNRPDIRVIATNVARFNGDATIGNNGYTQFNQPLTRPDNSAEFGQGNVSAMHVTTVGVYNFRSDAQWYVKSNPPEIGNQWGPVWSEATRPLRLVGGTGSADIGGNLRTSGNASHHLATLWLGVNNSRNGACVVTLDPDNDEIIAAAGIGCYNPLEDLTQWSEVDSRLRIFGNNFQSRVHQIMCLPVNMRVPFHFIRGTVVQCGVIPGHNAMQMKAMWAPATTNSATQGDYAITYWLVARADGSVEVWVNVEMSNIMNMRVILPEVRIAVQRLA,QFR57578.1,MGFYAGRIGDKKVLSLTSGNNKDVNNHTNPGWDTIFHSDMPHVVVLETHERDLWDGGDWYRCTRMPDRIIQVLSADYDRVVLTEVEFEDGTRRFIYGTSLGVGAKAYNAYFSNTVGSQASAGTMASMKTNVCASADLHMDVSFYFEETPGTINEKLRDGTGCMYTWGVNSEWGDRGPGPPVGAPIRPNFETIIKAGWVLYRGAFSGNIAGSVSPPNRPLTIGADAMRHPWMRTTGVNSICLRGETLNRNIYGHMGPRYGKGSNPVGGPYAHNIQTESYQEVQYKAGFFRGPPNNFMGWENTDNNNAGSGWGNNAIYRDNNFRVPKRVRWYITNMKYNGQGFYAENVFGSRNQEIKISPREFIVNGINLMNTGWKFINQNDINYSPGNRPDIRVIATNVARFNGDATIGNNGYTQFNQPLTRPDNSAEFGQGNVSAMHVTTVGVYNFRSDAQWYVKSNPPEIGNQWGPVWSEATRPLRLVGGTGSADIGGNLRTSGNASHHLATLWLGVNNSRNGACVVTLDWKNDEWIAAAGIGCYNPLEDLTQWSEVDSRLRIFGNNFQKRVHQIMCLPVNMCVPFHFIRGTVVQCGVIPGHNAMQMKAMWAPATTNSATQGDYAITYWLVARADGSVEVWVNVEMSNIMNMRVILPEVRIAVQRLA,42,results/broad/linear_probe/seed_42/model.joblib,results/broad/linear_probe/seed_42/label_classes.json,8,WWD14686.1,Klebsiella,receptor binding tail protein,0.9994362592697144,0.9970654249191284,True,WWD14686.1,Klebsiella,receptor binding tail protein,0.9994362592697144,0.9970654249191284,True,WWD14686.1,Klebsiella,receptor binding tail protein,0.9994362592697144,0.9970654249191284,True,-2.7051206827163696,-4.649753093719482,1.9446324110031128,0.9982508420944214,True,True,True,True,True,True,8,W197R;K260P;W373T;W522P;K523D;W527I;K561S;C574R,8,True,True,True,True,True,True,True,True,True,True,diversity+novelty,0.3789767226636455,0.4721881807930977,0.8691906216972376,1.3195644590419242,-1.626771576598,0.7795769901675893,Enterobacter,validated_only
kleb_to_enterobacter_structural_entropy_diversity_novelty_seed42,/content/phageforge_extracted/phageforge/results/design_runs/kleb_to_enterobacter_structural_entropy_diversity_novelty_seed42,kleb_to_enterobacter_structural_entropy_diversity_novelty_seed42,round4_cand80,4,44,QFR57578.1,MN434096,Klebsiella,Enterobacter,Enterobacter,0.5972789671322457,0.5672951206615321,0.999461591243744,0.0005384087562561,1,C516D,MGFYAGRIGDKKVLSLTSGNNKDVNNHTNPGWDTIFHSDMPHVVVLETHERDLWDGGDWYRCTRMPDRIIQVLSADYDRVVLTEVEFEDGTRRFIYGTSLGVGAKAYNAYFSNTVGSQASAGTMASMKTNVCASADLHMDVSFYFEETPGTINEKLRDGTGCMYTWGVNSEWGDRGPGPPVGAPIRPNFETIIKAGRVLYRGAFSGNIAGSVSPPNRPLTIGADAMRHPWMRTTGVNSICLRGETLNRNIYGHMGPRYGPGSNPVGGPYAHNIQTESYQEVQYKAGFFRGPPNNFMGWENTDNNNAGSGWGNNAIYRDNNFRVPKRVRWYITNMKYNGQGFYAENVFGSRNQEIKISPREFIVNGINLMNTGTKFINQNDINYSPGNRPDIRVIATNVARFNGDATIGNNGYTQFNQPLTRPDNSAEFGQGNVSAMHVTTVGVYNFRSDAQWYVKSNPPEIGNQWGPVWSEATRPLRLVGGTGSADIGGNLRTSGNASHHLATLWLGVNNSRNGADVVTLDPDNDEIIAAAGIGCYNPLEDLTQWSEVDSRLRIFGNNFQKRVHQIMCLPVNMCVPFHFIRGTVVQCGVIPGHNAMQMKAMWAPATTNSATQGDYAITYWLVARADGSVEVWVNVEMSNIMNMRVILPEVRIAVQRLA,QFR57578.1,MGFYAGRIGDKKVLSLTSGNNKDVNNHTNPGWDTIFHSDMPHVVVLETHERDLWDGGDWYRCTRMPDRIIQVLSADYDRVVLTEVEFEDGTRRFIYGTSLGVGAKAYNAYFSNTVGSQASAGTMASMKTNVCASADLHMDVSFYFEETPGTINEKLRDGTGCMYTWGVNSEWGDRGPGPPVGAPIRPNFETIIKAGWVLYRGAFSGNIAGSVSPPNRPLTIGADAMRHPWMRTTGVNSICLRGETLNRNIYGHMGPRYGKGSNPVGGPYAHNIQTESYQEVQYKAGFFRGPPNNFMGWENTDNNNAGSGWGNNAIYRDNNFRVPKRVRWYITNMKYNGQGFYAENVFGSRNQEIKISPREFIVNGINLMNTGWKFINQNDINYSPGNRPDIRVIATNVARFNGDATIGNNGYTQFNQPLTRPDNSAEFGQGNVSAMHVTTVGVYNFRSDAQWYVKSNPPEIGNQWGPVWSEATRPLRLVGGTGSADIGGNLRTSGNASHHLATLWLGVNNSRNGACVVTLDWKNDEWIAAAGIGCYNPLEDLTQWSEVDSRLRIFGNNFQKRVHQIMCLPVNMCVPFHFIRGTVVQCGVIPGHNAMQMKAMWAPATTNSATQGDYAITYWLVARADGSVEVWVNVEMSNIMNMRVILPEVRIAVQRLA,42,results/broad/linear_probe/seed_42/model.joblib,results/broad/linear_probe/seed_42/label_classes.json,7,WWD14686.1,Klebsiella,receptor binding tail protein,0.9994760751724244,0.9971140027046204,True,WWD14686.1,Klebsiella,receptor binding tail protein,0.9994760751724244,0.9971140027046204,True,WWD14686.1,Klebsiella,receptor binding tail protein,0.9994760751724244,0.9971140027046204,True,-2.920867919921875,-4.141599178314209,1.220731258392334,0.9982950389385224,True,True,True,True,True,True,7,W197R;K260P;W373T;C516D;W522P;K523D;W527I,7,True,True,True,True,True,True,True,True,True,True,diversity+novelty,0.4098375920331306,0.5994263076400668,0.9906352420393324,0.306129550001583,-2.4247301655113422,0.771271228682197,Enterobacter,validated_only
kleb_to_enterobacter_structural_entropy_diversity_novelty_seed42,/content/phageforge_extracted/phageforge/results/design_runs/kleb_to_enterobacter_structural_entropy_diversity_novelty_seed42,kleb_to_enterobacter_structural_entropy_diversity_novelty_seed42,round4_cand102,4,1,QFR57578.1,MN434096,Klebsiella,Enterobacter,Enterobacter,0.6266772435692393,0.5967023396578871,0.9991635084152222,0.0008364915847778,3,K22V;W329N;K335A,MGFYAGRIGDKKVLSLTSGNNVDVNNHTNPGWDTIFHSDMPHVVVLETHERDLWDGGDWYRCTRMPDRIIQVLSADYDRVVLTEVEFEDGTRRFIYGTSLGVGAKAYNAYFSNTVGSQASAGTMASMKTNVCASADLHMDVSFYFEETPGTINEKLRDGTGCMYTWGVNSEWGDRGPGPPVGAPIRPNFETIIKAGRVLYRGAFSGNIAGSVSPPNRPLTIGADAMRHPWMRTTGVNSICLRGETLNRNIYGHMGPRYGPGSNPVGGPYAHNIQTESYQEVQYKAGFFRGPPNNFMGWENTDNNNAGSGWGNNAIYRDNNFRVPKRVRNYITNMAYNGQGFYAENVFGSRNQEIKISPREFIVNGINLMNTGTKFINQNDINYSPGNRPDIRVIATNVARFNGDATIGNNGYTQFNQPLTRPDNSAEFGQGNVSAMHVTTVGVYNFRSDAQWYVKSNPPEIGNQWGPVWSEATRPLRLVGGTGSADIGGNLRTSGNASHHLATLWLGVNNSRNGACVVTLDPDNDEIIAAAGIGCYNPLEDLTQWSEVDSRLRIFGNNFQKRVHQIMCLPVNMCVPFHFIRGTVVQCGVIPGHNAMQMKAMWAPATTNSATQGDYAITYWLVARADGSVEVWVNVEMSNIMNMRVILPEVRIAVQRLA,QFR57578.1,MGFYAGRIGDKKVLSLTSGNNKDVNNHTNPGWDTIFHSDMPHVVVLETHERDLWDGGDWYRCTRMPDRIIQVLSADYDRVVLTEVEFEDGTRRFIYGTSLGVGAKAYNAYFSNTVGSQASAGTMASMKTNVCASADLHMDVSFYFEETPGTINEKLRDGTGCMYTWGVNSEWGDRGPGPPVGAPIRPNFETIIKAGWVLYRGAFSGNIAGSVSPPNRPLTIGADAMRHPWMRTTGVNSICLRGETLNRNIYGHMGPRYGKGSNPVGGPYAHNIQTESYQEVQYKAGFFRGPPNNFMGWENTDNNNAGSGWGNNAIYRDNNFRVPKRVRWYITNMKYNGQGFYAENVFGSRNQEIKISPREFIVNGINLMNTGWKFINQNDINYSPGNRPDIRVIATNVARFNGDATIGNNGYTQFNQPLTRPDNSAEFGQGNVSAMHVTTVGVYNFRSDAQWYVKSNPPEIGNQWGPVWSEATRPLRLVGGTGSADIGGNLRTSGNASHHLATLWLGVNNSRNGACVVTLDWKNDEWIAAAGIGCYNPLEDLTQWSEVDSRLRIFGNNFQKRVHQIMCLPVNMCVPFHFIRGTVVQCGVIPGHNAMQMKAMWAPATTNSATQGDYAITYWLVARADGSVEVWVNVEMSNIMNMRVILPEVRIAVQRLA,42,results/broad/linear_probe/seed_42/model.joblib,results/broad/linear_probe/seed_42/label_classes.json,9,WWD14686.1,Klebsiella,receptor binding tail protein,0.9992115497589112,0.9968268275260924,True,WWD14686.1,Klebsiella,receptor binding tail protein,0.9992115497589112,0.9968268275260924,True,WWD14686.1,Klebsiella,receptor binding tail protein,0.9992115497589112,0.9968268275260924,True,-2.6004472573598227,-4.139272530873616,1.5388252735137935,0.9980191886425018,True,True,True,True,True,True,9,K22V;W197R;K260P;W329N;K335A;W373T;W522P;K523D;W527I,9,True,True,True,True,True,True,True,True,True,True,diversity+novelty,1.3152861902296202,-0.2459072356911813,0.2726963698817383,0.75144943672681,-0.8288129876846577,0.7669051464402816,Enterobacter,validated_only
kleb_to_enterobacter_structural_entropy_diversity_novelty_seed42,/content/phageforge_extracted/phageforge/results/design_runs/kleb_to_enterobacter_structural_entropy_diversity_novelty_seed42,kleb_to_enterobacter_structural_entropy_diversity_novelty_seed42,round4_cand78,4,11,QFR57578.1,MN434096,Klebsiella,Enterobacter,Enterobacter,0.6081098898154154,0.5781280494135275,0.999394714832306,0.000605285167694,3,C162N;W505S;C516T,MGFYAGRIGDKKVLSLTSGNNKDVNNHTNPGWDTIFHSDMPHVVVLETHERDLWDGGDWYRCTRMPDRIIQVLSADYDRVVLTEVEFEDGTRRFIYGTSLGVGAKAYNAYFSNTVGSQASAGTMASMKTNVCASADLHMDVSFYFEETPGTINEKLRDGTGNMYTWGVNSEWGDRGPGPPVGAPIRPNFETIIKAGRVLYRGAFSGNIAGSVSPPNRPLTIGADAMRHPWMRTTGVNSICLRGETLNRNIYGHMGPRYGPGSNPVGGPYAHNIQTESYQEVQYKAGFFRGPPNNFMGWENTDNNNAGSGWGNNAIYRDNNFRVPKRVRWYITNMKYNGQGFYAENVFGSRNQEIKISPREFIVNGINLMNTGTKFINQNDINYSPGNRPDIRVIATNVARFNGDATIGNNGYTQFNQPLTRPDNSAEFGQGNVSAMHVTTVGVYNFRSDAQWYVKSNPPEIGNQWGPVWSEATRPLRLVGGTGSADIGGNLRTSGNASHHLATLSLGVNNSRNGATVVTLDPDNDEIIAAAGIGCYNPLEDLTQWSEVDSRLRIFGNNFQKRVHQIMCLPVNMCVPFHFIRGTVVQCGVIPGHNAMQMKAMWAPATTNSATQGDYAITYWLVARADGSVEVWVNVEMSNIMNMRVILPEVRIAVQRLA,QFR57578.1,MGFYAGRIGDKKVLSLTSGNNKDVNNHTNPGWDTIFHSDMPHVVVLETHERDLWDGGDWYRCTRMPDRIIQVLSADYDRVVLTEVEFEDGTRRFIYGTSLGVGAKAYNAYFSNTVGSQASAGTMASMKTNVCASADLHMDVSFYFEETPGTINEKLRDGTGCMYTWGVNSEWGDRGPGPPVGAPIRPNFETIIKAGWVLYRGAFSGNIAGSVSPPNRPLTIGADAMRHPWMRTTGVNSICLRGETLNRNIYGHMGPRYGKGSNPVGGPYAHNIQTESYQEVQYKAGFFRGPPNNFMGWENTDNNNAGSGWGNNAIYRDNNFRVPKRVRWYITNMKYNGQGFYAENVFGSRNQEIKISPREFIVNGINLMNTGWKFINQNDINYSPGNRPDIRVIATNVARFNGDATIGNNGYTQFNQPLTRPDNSAEFGQGNVSAMHVTTVGVYNFRSDAQWYVKSNPPEIGNQWGPVWSEATRPLRLVGGTGSADIGGNLRTSGNASHHLATLWLGVNNSRNGACVVTLDWKNDEWIAAAGIGCYNPLEDLTQWSEVDSRLRIFGNNFQKRVHQIMCLPVNMCVPFHFIRGTVVQCGVIPGHNAMQMKAMWAPATTNSATQGDYAITYWLVARADGSVEVWVNVEMSNIMNMRVILPEVRIAVQRLA,42,results/broad/linear_probe/seed_42/model.joblib,results/broad/linear_probe/seed_42/label_classes.json,9,WWD14686.1,Klebsiella,receptor binding tail protein,0.999398946762085,0.997082531452179,True,WWD14686.1,Klebsiella,receptor binding tail protein,0.999398946762085,0.997082531452179,True,WWD14686.1,Klebsiella,receptor binding tail protein,0.999398946762085,0.997082531452179,True,-2.7015727361043296,-4.194258213043213,1.492685476938883,0.998240739107132,True,True,True,True,True,True,9,C162N;W197R;K260P;W373T;W505S;C516T;W522P;K523D;W527I,9,True,True,True,True,True,True,True,True,True,True,diversity+novelty,0.743423262664828,0.3529500559338455,0.9119570094741472,0.6868554236127355,-0.8288129876846577,0.7454811459141322,Enterobacter,validated_only
kleb_to_enterobacter_structural_entropy_diversity_novelty_seed43,/content/phageforge_extracted/phageforge/results/design_runs/kleb_to_enterobacter_structural_entropy_diversity_novelty_seed43,kleb_to_enterobacter_structural_entropy_diversity_novelty_seed43,round4_cand8,4,48,QFR57578.1,MN434096,Klebsiella,Enterobacter,Enterobacter,0.6054672647277833,0.5754870578656913,0.9993402361869812,0.0006597638130187,1,W197D,MGFYAGRIGDKKVLSLTSGNNKDVNNHTNPGWDTIFHSDMPHVVVLETHERDLWDGGDWYRCTRMPDRIIQVLSADYDRVVLTEVEFEDGTRRFIYGTSLGVGAKAYNAYFSNTVGSQASAGTMASMVTNVCASADLHMDVSFYFEETPGTINEKLRDGTGCMYTWGVNSEWGDRGPGPPVGAPIRPNFETIIKAGDVLYRGAFSGNIAGSVSPPNRPLTIGADAMRHPWMRTTGVNSICLRGETLNRNIYGHMGPRYGAGSNPVGGPYAHNIQTESYQEVQYKAGFFRGPPNNFMGWENTDNNNAGSGWGNNAIYRDNNFRVPKRVRNYITNMKYNGQGFYAENVFGSRNQEIKISPREFIVNGINLMNTGTFFINQNDINYSPGNRPDIRVIATNVARFNGDATIGNNGYTQFNQPLTRPDNSAEFGQGNVSAMHVTTVGVYNFRSDAQWYVKSNPPEIGNQWGPVWSEATRPLRLVGGTGSADIGGNLRTSGNASHHLATLSLGVNNSRNGANVVTLDTKNDEWIAAAGIGCYNPLEDLTQWSEVDSRLRIFGNNFQKRVHQIMCLPVNMRVPFHFIRGTVVQCGVIPGHNAMQMKAMWAPATTNSATQGDYAITYWLVARADGSVEVWVNVEMSNIMNMRVILPEVRIAVQRLA,QFR57578.1,MGFYAGRIGDKKVLSLTSGNNKDVNNHTNPGWDTIFHSDMPHVVVLETHERDLWDGGDWYRCTRMPDRIIQVLSADYDRVVLTEVEFEDGTRRFIYGTSLGVGAKAYNAYFSNTVGSQASAGTMASMKTNVCASADLHMDVSFYFEETPGTINEKLRDGTGCMYTWGVNSEWGDRGPGPPVGAPIRPNFETIIKAGWVLYRGAFSGNIAGSVSPPNRPLTIGADAMRHPWMRTTGVNSICLRGETLNRNIYGHMGPRYGKGSNPVGGPYAHNIQTESYQEVQYKAGFFRGPPNNFMGWENTDNNNAGSGWGNNAIYRDNNFRVPKRVRWYITNMKYNGQGFYAENVFGSRNQEIKISPREFIVNGINLMNTGWKFINQNDINYSPGNRPDIRVIATNVARFNGDATIGNNGYTQFNQPLTRPDNSAEFGQGNVSAMHVTTVGVYNFRSDAQWYVKSNPPEIGNQWGPVWSEATRPLRLVGGTGSADIGGNLRTSGNASHHLATLWLGVNNSRNGACVVTLDWKNDEWIAAAGIGCYNPLEDLTQWSEVDSRLRIFGNNFQKRVHQIMCLPVNMCVPFHFIRGTVVQCGVIPGHNAMQMKAMWAPATTNSATQGDYAITYWLVARADGSVEVWVNVEMSNIMNMRVILPEVRIAVQRLA,43,results/broad/linear_probe/seed_42/model.joblib,results/broad/linear_probe/seed_42/label_classes.json,10,QFR57578.1,Klebsiella,receptor-binding protein,0.9993404150009156,0.9968478083610536,False,QFR57578.1,Klebsiella,receptor-binding protein,0.9993404150009156,0.9968478083610536,False,QFR57578.1,Klebsiella,receptor-binding protein,0.9993404150009156,0.9968478083610536,False,-2.085305690765381,-4.6930437088012695,2.6077380180358887,0.9980941116809844,False,True,True,False,True,False,10,K128V;W197D;K260A;W329N;W373T;K374F;W505S;C516N;W522T;C574R,10,True,True,True,True,True,True,True,True,True,True,diversity+novelty,0.6620320564053911,0.1659023904201657,0.3251485249257503,2.2478878470124424,-0.0308543987713153,0.7284309186553278,Enterobacter,validated_only
kleb_to_enterobacter_structural_entropy_diversity_novelty_seed42,/content/phageforge_extracted/phageforge/results/design_runs/kleb_to_enterobacter_structural_entropy_diversity_novelty_seed42,kleb_to_enterobacter_structural_entropy_diversity_novelty_seed42,round4_cand125,4,23,QFR57578.1,MN434096,Klebsiella,Enterobacter,Enterobacter,0.6034416602760673,0.5734595870435357,0.9994024634361268,0.0005975365638732,3,P179G;W329P;K335G,MGFYAGRIGDKKVLSLTSGNNKDVNNHTNPGWDTIFHSDMPHVVVLETHERDLWDGGDWYRCTRMPDRIIQVLSADYDRVVLTEVEFEDGTRRFIYGTSLGVGAKAYNAYFSNTVGSQASAGTMASMKTNVCASADLHMDVSFYFEETPGTINEKLRDGTGCMYTWGVNSEWGDRGPGGPVGAPIRPNFETIIKAGRVLYRGAFSGNIAGSVSPPNRPLTIGADAMRHPWMRTTGVNSICLRGETLNRNIYGHMGPRYGPGSNPVGGPYAHNIQTESYQEVQYKAGFFRGPPNNFMGWENTDNNNAGSGWGNNAIYRDNNFRVPKRVRPYITNMGYNGQGFYAENVFGSRNQEIKISPREFIVNGINLMNTGTKFINQNDINYSPGNRPDIRVIATNVARFNGDATIGNNGYTQFNQPLTRPDNSAEFGQGNVSAMHVTTVGVYNFRSDAQWYVKSNPPEIGNQWGPVWSEATRPLRLVGGTGSADIGGNLRTSGNASHHLATLWLGVNNSRNGACVVTLDPDNDEIIAAAGIGCYNPLEDLTQWSEVDSRLRIFGNNFQKRVHQIMCLPVNMCVPFHFIRGTVVQCGVIPGHNAMQMKAMWAPATTNSATQGDYAITYWLVARADGSVEVWVNVEMSNIMNMRVILPEVRIAVQRLA,QFR57578.1,MGFYAGRIGDKKVLSLTSGNNKDVNNHTNPGWDTIFHSDMPHVVVLETHERDLWDGGDWYRCTRMPDRIIQVLSADYDRVVLTEVEFEDGTRRFIYGTSLGVGAKAYNAYFSNTVGSQASAGTMASMKTNVCASADLHMDVSFYFEETPGTINEKLRDGTGCMYTWGVNSEWGDRGPGPPVGAPIRPNFETIIKAGWVLYRGAFSGNIAGSVSPPNRPLTIGADAMRHPWMRTTGVNSICLRGETLNRNIYGHMGPRYGKGSNPVGGPYAHNIQTESYQEVQYKAGFFRGPPNNFMGWENTDNNNAGSGWGNNAIYRDNNFRVPKRVRWYITNMKYNGQGFYAENVFGSRNQEIKISPREFIVNGINLMNTGWKFINQNDINYSPGNRPDIRVIATNVARFNGDATIGNNGYTQFNQPLTRPDNSAEFGQGNVSAMHVTTVGVYNFRSDAQWYVKSNPPEIGNQWGPVWSEATRPLRLVGGTGSADIGGNLRTSGNASHHLATLWLGVNNSRNGACVVTLDWKNDEWIAAAGIGCYNPLEDLTQWSEVDSRLRIFGNNFQKRVHQIMCLPVNMCVPFHFIRGTVVQCGVIPGHNAMQMKAMWAPATTNSATQGDYAITYWLVARADGSVEVWVNVEMSNIMNMRVILPEVRIAVQRLA,42,results/broad/linear_probe/seed_42/model.joblib,results/broad/linear_probe/seed_42/label_classes.json,9,QFR57578.1,Klebsiella,receptor-binding protein,0.999402403831482,0.9970391988754272,False,QFR57578.1,Klebsiella,receptor-binding protein,0.999402403831482,0.9970391988754272,False,QFR57578.1,Klebsiella,receptor-binding protein,0.999402403831482,0.9970391988754272,False,-2.453428030014038,-4.149380445480347,1.6959524154663086,0.9982208013534546,False,True,True,False,True,False,9,P179G;W197R;K260P;W329P;K335G;W373T;W522P;K523D;W527I,9,True,True,True,True,True,True,True,True,True,True,diversity+novelty,0.5996447013086497,0.3639976777262716,0.8036254278929165,0.9714216390615033,-0.8288129876846577,0.7099778938320891,Enterobacter,validated_only
kleb_to_enterobacter_structural_entropy_diversity_novelty_seed43,/content/phageforge_extracted/phageforge/results/design_runs/kleb_to_enterobacter_structural_entropy_diversity_novelty_seed43,kleb_to_enterobacter_structural_entropy_diversity_novelty_seed43,round4_cand94,4,8,QFR57578.1,MN434096,Klebsiella,Enterobacter,Enterobacter,0.6235196891148364,0.5935404545535122,0.9993078708648682,0.0006921291351318,1,C516D,MGFYAGRIGDKKVLSLTSGNNKDVNNHTNPGWDTIFHSDMPHVVVLETHERDLWDGGDWYRCTRMPDRIIQVLSADYDRVVLTEVEFEDGTRRFIYGTSLGVGAKAYNAYFSNTVGSQASAGTMASMKTNVCASADLHMDVSFYFEETPGTINEKLRDGTGCMYTWGVNSEWGDRGPGPPVGAPIRPNFETIIKAGWVLYRGAFSGNIAGSVSPPNRPLTIGADAMRHPWMRTTGVNSICLRGETLNRNIYGHMGPRYGAGSNPVGGPYAHNIQTESYQEVQYKAGFFRGPPNNFMGWENTDNNNAGSGWGNNAIYRDNNFRVPKRVRNYITNMKYNGQGFYAENVFGSRNQEIKISPREFIVNGINLMNTGTFFINQNDINYSPGNRPDIRVIATNVARFNGDATIGNNGYTQFNQPLTRPDNSAEFGQGNVSAMHVTTVGVYNFRSDAQWYVKSNPPEIGNQWGPVWSEATRPLRLVGGTGSADIGGNLRTSGNASHHLATLRLGVNNSRNGADVVTLDTKNDETIAAAGIGCYNPLEDLTQWSEVDSRLRIFGNNFQKRVHQIMCLPVNMRVPFHFIRGTVVQCGVIPGHNAMQMKAMWAPATTNSATQGDYAITYWLVARADGSVEVWVNVEMSNIMNMRVILPEVRIAVQRLA,QFR57578.1,MGFYAGRIGDKKVLSLTSGNNKDVNNHTNPGWDTIFHSDMPHVVVLETHERDLWDGGDWYRCTRMPDRIIQVLSADYDRVVLTEVEFEDGTRRFIYGTSLGVGAKAYNAYFSNTVGSQASAGTMASMKTNVCASADLHMDVSFYFEETPGTINEKLRDGTGCMYTWGVNSEWGDRGPGPPVGAPIRPNFETIIKAGWVLYRGAFSGNIAGSVSPPNRPLTIGADAMRHPWMRTTGVNSICLRGETLNRNIYGHMGPRYGKGSNPVGGPYAHNIQTESYQEVQYKAGFFRGPPNNFMGWENTDNNNAGSGWGNNAIYRDNNFRVPKRVRWYITNMKYNGQGFYAENVFGSRNQEIKISPREFIVNGINLMNTGWKFINQNDINYSPGNRPDIRVIATNVARFNGDATIGNNGYTQFNQPLTRPDNSAEFGQGNVSAMHVTTVGVYNFRSDAQWYVKSNPPEIGNQWGPVWSEATRPLRLVGGTGSADIGGNLRTSGNASHHLATLWLGVNNSRNGACVVTLDWKNDEWIAAAGIGCYNPLEDLTQWSEVDSRLRIFGNNFQKRVHQIMCLPVNMCVPFHFIRGTVVQCGVIPGHNAMQMKAMWAPATTNSATQGDYAITYWLVARADGSVEVWVNVEMSNIMNMRVILPEVRIAVQRLA,43,results/broad/linear_probe/seed_42/model.joblib,results/broad/linear_probe/seed_42/label_classes.json,9,QFR57578.1,Klebsiella,receptor-binding protein,0.9993082284927368,0.996821105480194,False,QFR57578.1,Klebsiella,receptor-binding protein,0.9993082284927368,0.996821105480194,False,QFR57578.1,Klebsiella,receptor-binding protein,0.9993082284927368,0.996821105480194,False,-3.14723801612854,-4.141599178314209,0.994361162185669,0.9980646669864656,False,True,True,False,True,False,9,K260A;W329N;W373T;K374F;W505R;C516D;W522T;W527T;C574R,9,True,True,True,True,True,True,True,True,True,True,diversity+novelty,1.218035480291042,0.0630452220108713,0.2583912366880682,-0.0107802339257854,-0.8288129876846577,0.683900220816495,Enterobacter,validated_only
kleb_to_acinetobacter_structural_plus_random_diversity_seed43,/content/phageforge_extracted/phageforge/results/design_runs/kleb_to_acinetobacter_structural_plus_random_diversity_seed43,kleb_to_acinetobacter_structural_plus_random_diversity_seed43,round4_cand492,4,4,QFR57578.1,MN434096,Klebsiella,Acinetobacter,Enterobacter,0.1493468540152513,0.1493468540152513,0.9995540380477904,0.0004459619522094,2,R392N;W522N,MGFYAGRIGDKKVLSLTSGNNKDVNNHTNPGWDTIFHSDMPHVVVLETHERDLWDGGDWYRCTRMPDRIIQVLSADYDRVVLTEVEFEDGTRRFIGGTSLGVGAKAYNAYFSNTVGSQASAGTMASMKTNVCASADLHMDVSFYFEETPGTINEKLRDGTGCMYTWGVNSNWGDRGPGPPVGAPIRPNFETIIKAGWVLYRGAFSGNIAGSVSPPNRPLTIGADAMRHPWMDTTGVNSICLRGETLNRNIYGHMGPRYGKGSNPVGVPYAHNIQTESYQEVQYKAGFFAGPPNNFMGWENTDNNNAGSGWGNNAIYRDNNFRVPKRVRWYITNMKYNGQGFYAENVFGSRNQEIKISPREFIVNGINLMNTGWKFINQNDINYSPGNRPDINVIATNVARFNGDATIGNNGYTQFNQPLTRPDNSAEFGQGNVSAMHVTTVGVYNFRSDAQWYVKSNPPEIGNQWGPVWSEATRPLRLVGGTGSADIGGNLRTSGNASHHLATLWLGVNNSRNGACVVTLDNKNDEWIAAAGIGCYNPLEDLTQWSEVDSRLRIFGNNFQKAVHQIMCLPVNMCVPFHFIRGTVVQCGVIPGHNAMQMKAMWAPATTNLATQGDYAITYWLVARADGSVEVWVNVEMSNIMNMRVILPEVRIAVQRLA,QFR57578.1,MGFYAGRIGDKKVLSLTSGNNKDVNNHTNPGWDTIFHSDMPHVVVLETHERDLWDGGDWYRCTRMPDRIIQVLSADYDRVVLTEVEFEDGTRRFIYGTSLGVGAKAYNAYFSNTVGSQASAGTMASMKTNVCASADLHMDVSFYFEETPGTINEKLRDGTGCMYTWGVNSEWGDRGPGPPVGAPIRPNFETIIKAGWVLYRGAFSGNIAGSVSPPNRPLTIGADAMRHPWMRTTGVNSICLRGETLNRNIYGHMGPRYGKGSNPVGGPYAHNIQTESYQEVQYKAGFFRGPPNNFMGWENTDNNNAGSGWGNNAIYRDNNFRVPKRVRWYITNMKYNGQGFYAENVFGSRNQEIKISPREFIVNGINLMNTGWKFINQNDINYSPGNRPDIRVIATNVARFNGDATIGNNGYTQFNQPLTRPDNSAEFGQGNVSAMHVTTVGVYNFRSDAQWYVKSNPPEIGNQWGPVWSEATRPLRLVGGTGSADIGGNLRTSGNASHHLATLWLGVNNSRNGACVVTLDWKNDEWIAAAGIGCYNPLEDLTQWSEVDSRLRIFGNNFQKRVHQIMCLPVNMCVPFHFIRGTVVQCGVIPGHNAMQMKAMWAPATTNSATQGDYAITYWLVARADGSVEVWVNVEMSNIMNMRVILPEVRIAVQRLA,43,results/broad/linear_probe/seed_42/model.joblib,results/broad/linear_probe/seed_42/label_classes.json,9,QFR57578.1,Klebsiella,receptor-binding protein,0.9995542764663696,0.996886432170868,False,QFR57578.1,Klebsiella,receptor-binding protein,0.9995542764663696,0.996886432170868,False,QFR57578.1,Klebsiella,receptor-binding protein,0.9995542764663696,0.996886432170868,False,-2.321189761161804,-3.656481742858887,1.3352919816970823,0.9982203543186188,False,True,True,False,True,False,9,Y96G;E171N;R232D;G267V;R289A;R392N;W522N;R562A;S609L,9,True,True,True,True,True,True,True,True,True,True,diversity,0.4809535283547007,0.7421775180428539,0.5602210793522081,0.7057187461533434,-0.144504915257726,0.6063149326219341,Acinetobacter,validated_only
kleb_to_acinetobacter_structural_plus_random_diversity_seed44,/content/phageforge_extracted/phageforge/results/design_runs/kleb_to_acinetobacter_structural_plus_random_diversity_seed44,kleb_to_acinetobacter_structural_plus_random_diversity_seed44,round4_cand124,4,6,QFR57578.1,MN434096,Klebsiella,Acinetobacter,Klebsiella,0.1522654542815507,0.1522654542815507,0.9994003176689148,0.0005996823310852,3,R232D;M254A;V560G,MGFYAGRIGDKKVLSLTSGNNKDVNNHTNPGWDTIFHSDMPHVVVLETHERDLWDGGDWYRCTRMPDRIIQVLSADYDRVVLTEVEFEDGTRRFIYGTSLGVGAKAYNAYFSNTVGSQASAGTMASMKTNVCASADLHMDVSFYFEETPGTINEKLRDGTGCMYTWGVNSEWGDRGTGPPVGAPIRPNFETIIKAGWVLYRGAFSGNIAGSVSPPNRPLTIGADAMRHPWMDTTGVNSICLRGETLNRNIYGHAGPRYGKGSNPVGGPYAHNIQTESYQEVQYKAGFFRGPPNNFMGWENTDNNNAGSGWGNNAIYRDNNFGVPKRVRWYITNMKYNDQGFYAENVFGSRNQEIKISPREFIVNGINLMNTPWKFINQNDINYSPGNRPDIRVIATNVAGFNGDATIGNNGYTQFNQPLTRPDNSAEFGQGNVSAMHVTTVGVYNFRSDAQWYVKSNPPEIGNQWGPVWSEATRPLRLVGGTGSADIGGNLRTSGNASHHLATLWLGVNNSRNGACVVTLDWKNDEWIAAAGIGCYNPLEDLTQWSEVDSRLRIFGNNFGKRVHQIMCLPVNMCVPFHFIRGTVVQCGVIPGHNAMQMKAMWAPATTNSATQGDNAITYWLVARADGSVEVWCNVEMSNIMNMRVILPEVRIAVQRLA,QFR57578.1,MGFYAGRIGDKKVLSLTSGNNKDVNNHTNPGWDTIFHSDMPHVVVLETHERDLWDGGDWYRCTRMPDRIIQVLSADYDRVVLTEVEFEDGTRRFIYGTSLGVGAKAYNAYFSNTVGSQASAGTMASMKTNVCASADLHMDVSFYFEETPGTINEKLRDGTGCMYTWGVNSEWGDRGPGPPVGAPIRPNFETIIKAGWVLYRGAFSGNIAGSVSPPNRPLTIGADAMRHPWMRTTGVNSICLRGETLNRNIYGHMGPRYGKGSNPVGGPYAHNIQTESYQEVQYKAGFFRGPPNNFMGWENTDNNNAGSGWGNNAIYRDNNFRVPKRVRWYITNMKYNGQGFYAENVFGSRNQEIKISPREFIVNGINLMNTGWKFINQNDINYSPGNRPDIRVIATNVARFNGDATIGNNGYTQFNQPLTRPDNSAEFGQGNVSAMHVTTVGVYNFRSDAQWYVKSNPPEIGNQWGPVWSEATRPLRLVGGTGSADIGGNLRTSGNASHHLATLWLGVNNSRNGACVVTLDWKNDEWIAAAGIGCYNPLEDLTQWSEVDSRLRIFGNNFQKRVHQIMCLPVNMCVPFHFIRGTVVQCGVIPGHNAMQMKAMWAPATTNSATQGDYAITYWLVARADGSVEVWVNVEMSNIMNMRVILPEVRIAVQRLA,44,results/broad/linear_probe/seed_42/model.joblib,results/broad/linear_probe/seed_42/label_classes.json,10,QFR57578.1,Klebsiella,receptor-binding protein,0.9994000792503356,0.9974018931388856,False,QFR57578.1,Klebsiella,receptor-binding protein,0.9994000792503356,0.9974018931388856,False,QFR57578.1,Klebsiella,receptor-binding protein,0.9994000792503356,0.9974018931388856,False,-2.448270797729492,-3.322950522104899,0.8746797243754068,0.9984009861946106,False,True,True,False,True,False,10,P177T;R232D;M254A;R322G;G338D;G372P;R400G;Q560G;Y615N;V633C,10,True,True,True,True,True,True,True,True,True,True,diversity,0.5644642926920366,0.5880065401938046,1.1155973866618418,0.1325773468689332,0.4977391525543908,0.5384628615340449,Acinetobacter,validated_only
kleb_to_acinetobacter_structural_plus_random_diversity_seed44,/content/phageforge_extracted/phageforge/results/design_runs/kleb_to_acinetobacter_structural_plus_random_diversity_seed44,kleb_to_acinetobacter_structural_plus_random_diversity_seed44,round4_cand114,4,26,QFR57578.1,MN434096,Klebsiella,Acinetobacter,Enterobacter,0.1407551129414836,0.1407551129414836,0.9995487928390504,0.0004512071609497,2,M598L;W620S,MGFYAGRIGDKKVLSLTSGNNKDVNNHTNPGWDTIFHSDMPHVVVLETHERDLWDGGDWYRCTRMPDRIIQVLSADYDRVVLTEVEFEDGTRRFIYGTSLGVGAKAYNAYFSNTVGSQASAGTMASMKTNVCASADLHMDVSFYFEETPGTINEKLRDGTGCMYTWGVNSEWGDRGTGPPVGAPIRPNFETIIKAGWVLYRGAFSGNIAGSVSPPNRPLTIGADAMRHPWMRTTGVNSICLRGETLNRNIYGHMGPRYGKGSNPVGGPYAHNIQTESYQEVQYKAGFFRGPPNNFMGWENTDNNNAGSGWGNNAIYRDNNFGVPKRVRWYITNMKYNDQGFYAENVFGSRNQEIKISPREFIVNGINLMNTPWKFINQNDINYSPGNRPDIRVIATNVAGFNGDATIGNNGYTQFNQPLTRPDNSAEFGQGNVSAMHVTTVGVYNFRSDAQWYVKSNPPEIGNQWGPVWSEATRPLRLVGGTGSADIGGNLRTSGNASHHLATLWLGVNNSRNGACVVTLDWKNDEWIAAAGIGCYNPLEDLTQWSEVDSRLRIFGNNFVKRVHQIMCLPVNMCVPFHFIRGTVVQCGVIPGHNAMQLKAMWAPATTNSATQGDNAITYSLVARADGSVEVWCNVEMSNIMNMRVILPEVRIAVQRLA,QFR57578.1,MGFYAGRIGDKKVLSLTSGNNKDVNNHTNPGWDTIFHSDMPHVVVLETHERDLWDGGDWYRCTRMPDRIIQVLSADYDRVVLTEVEFEDGTRRFIYGTSLGVGAKAYNAYFSNTVGSQASAGTMASMKTNVCASADLHMDVSFYFEETPGTINEKLRDGTGCMYTWGVNSEWGDRGPGPPVGAPIRPNFETIIKAGWVLYRGAFSGNIAGSVSPPNRPLTIGADAMRHPWMRTTGVNSICLRGETLNRNIYGHMGPRYGKGSNPVGGPYAHNIQTESYQEVQYKAGFFRGPPNNFMGWENTDNNNAGSGWGNNAIYRDNNFRVPKRVRWYITNMKYNGQGFYAENVFGSRNQEIKISPREFIVNGINLMNTGWKFINQNDINYSPGNRPDIRVIATNVARFNGDATIGNNGYTQFNQPLTRPDNSAEFGQGNVSAMHVTTVGVYNFRSDAQWYVKSNPPEIGNQWGPVWSEATRPLRLVGGTGSADIGGNLRTSGNASHHLATLWLGVNNSRNGACVVTLDWKNDEWIAAAGIGCYNPLEDLTQWSEVDSRLRIFGNNFQKRVHQIMCLPVNMCVPFHFIRGTVVQCGVIPGHNAMQMKAMWAPATTNSATQGDYAITYWLVARADGSVEVWVNVEMSNIMNMRVILPEVRIAVQRLA,44,results/broad/linear_probe/seed_42/model.joblib,results/broad/linear_probe/seed_42/label_classes.json,10,QFR57578.1,Klebsiella,receptor-binding protein,0.9995492100715636,0.997660756111145,False,QFR57578.1,Klebsiella,receptor-binding protein,0.9995492100715636,0.997660756111145,False,QFR57578.1,Klebsiella,receptor-binding protein,0.9995492100715636,0.997660756111145,False,-2.482049345970154,-3.588434934616089,1.106385588645935,0.9986049830913544,False,True,True,False,True,False,10,P177T;R322G;G338D;G372P;R400G;Q560V;M598L;Y615N;W620S;V633C,10,True,True,True,True,True,True,True,True,True,True,diversity,0.2351155243143005,0.7371119853341385,1.3945057241554475,0.4208897422936845,0.4977391525543908,0.5126153869869006,Acinetobacter,validated_only
kleb_to_acinetobacter_structural_plus_random_diversity_seed44,/content/phageforge_extracted/phageforge/results/design_runs/kleb_to_acinetobacter_structural_plus_random_diversity_seed44,kleb_to_acinetobacter_structural_plus_random_diversity_seed44,round4_cand599,4,14,QFR57578.1,MN434096,Klebsiella,Acinetobacter,Enterobacter,0.1472095827459632,0.1472095827459632,0.9996200203895568,0.0003799796104431,2,D58K;R157L,MGFYAGRIGDKKVLSLTSGNNKDVNNHTNPGWDTIFHSDMPHVVVLETHERDLWDGGKWYRCTRMPDRIIQVLSADYDRVVLTEVEFEDGTRRFIYGTSLGVGAKAYNAYFSNTVGSQASAGTMASMKTNVCASADLHMDVSFYFEETPGTINEKLLDGTGCMYTWGVNSEWGDRGPGPPVGAPIRPNFETIIKAGWVLYTGAFSGNIAGSVSPPNRPLTIGADAMRHPWMRTTGVNSICLRGETLNRNIYGHMGPRYGKGSNPVGGPYAHNIQTESYQEVQYKAGFFRGPPNNFMGWENTDNNNAGSGWGNNAIYRDNNFRVPKRVRWYITNMKYNDQGFYAENVFGSRNQEIKISPREFIVNGINLMNTPWKFINQNDINYSPGNRPDIRVIATNVAGFNGDATIGNNGYTQFNQPLTRPDNSAEFGQGNVSAMHVTTVGVYNFRSDAQWYVKSNPPEIGNQWGPVWSEATRPLRLVGGTGSADIGGNLRTSGNASHHLATLWLGVNNSRNGACVVTLDWKNDEWIAAAGIGCYNPLEDLTQWSEVDSRLRIFGNNFVKRVHQIMCLPVNMCVPFHFIRGTVVQCGVIPGHNAMQMKAMWAPATTNSATQGDNAITYWLVARADGSVEVWCNVEMSNIMNMRVILPEVRIAVQRLA,QFR57578.1,MGFYAGRIGDKKVLSLTSGNNKDVNNHTNPGWDTIFHSDMPHVVVLETHERDLWDGGDWYRCTRMPDRIIQVLSADYDRVVLTEVEFEDGTRRFIYGTSLGVGAKAYNAYFSNTVGSQASAGTMASMKTNVCASADLHMDVSFYFEETPGTINEKLRDGTGCMYTWGVNSEWGDRGPGPPVGAPIRPNFETIIKAGWVLYRGAFSGNIAGSVSPPNRPLTIGADAMRHPWMRTTGVNSICLRGETLNRNIYGHMGPRYGKGSNPVGGPYAHNIQTESYQEVQYKAGFFRGPPNNFMGWENTDNNNAGSGWGNNAIYRDNNFRVPKRVRWYITNMKYNGQGFYAENVFGSRNQEIKISPREFIVNGINLMNTGWKFINQNDINYSPGNRPDIRVIATNVARFNGDATIGNNGYTQFNQPLTRPDNSAEFGQGNVSAMHVTTVGVYNFRSDAQWYVKSNPPEIGNQWGPVWSEATRPLRLVGGTGSADIGGNLRTSGNASHHLATLWLGVNNSRNGACVVTLDWKNDEWIAAAGIGCYNPLEDLTQWSEVDSRLRIFGNNFQKRVHQIMCLPVNMCVPFHFIRGTVVQCGVIPGHNAMQMKAMWAPATTNSATQGDYAITYWLVARADGSVEVWVNVEMSNIMNMRVILPEVRIAVQRLA,44,results/broad/linear_probe/seed_42/model.joblib,results/broad/linear_probe/seed_42/label_classes.json,9,QFR57578.1,Klebsiella,receptor-binding protein,0.9996200799942015,0.9976059198379515,False,QFR57578.1,Klebsiella,receptor-binding protein,0.9996200799942015,0.9976059198379515,False,QFR57578.1,Klebsiella,receptor-binding protein,0.9996200799942015,0.9976059198379515,False,-2.7389620542526245,-2.940485000610352,0.201522946357727,0.9986129999160768,False,True,True,False,True,False,9,D58K;R157L;R201T;G338D;G372P;R400G;Q560V;Y615N;V633C,9,True,True,True,True,True,True,True,True,True,True,diversity,0.4197991594760928,0.8079698487521468,1.3354231382713246,-0.7050339228229173,-0.144504915257726,0.4999109577953121,Acinetobacter,validated_only
kleb_to_acinetobacter_structural_plus_random_diversity_seed43,/content/phageforge_extracted/phageforge/results/design_runs/kleb_to_acinetobacter_structural_plus_random_diversity_seed43,kleb_to_acinetobacter_structural_plus_random_diversity_seed43,round4_cand530,4,2,QFR57578.1,MN434096,Klebsiella,Acinetobacter,Enterobacter,0.1541728485068773,0.1541728485068773,0.9992623925209044,0.0007376074790954,2,V393D;Q565G,MGFYAGRIGDKKVLSLTSGNNKDVNNHTNPGWDTIFHSDMPHVVVLETHERDLWDGGDWYRCTRMPDRIIQVLSADYDRVVLTEVEFEDGTRRFIYGTSLGVGAKAYNAYFSNTVGSQASAGTMASMKTNVCASADLHMDVSFYFEETPGTINEKLRDGTGCMYTWGVNSEWGDRGPGPPVGAPIRPNFETIIKAGWVLYRGAFSGNIAGSVSPPNRPLTIGADAMRHPWMDVTGVNSICLRGETLNRNIYGHMGPRYGKGSNPVGGPYAHNIQTESYQEVQYKAGFFRGPPNNFMGWENTDNNNAGSGWGNNAIYRDNNFRDPKRVRWYITNMKYNGQGFYAENVFGSRNQEIKISPREFIVNGINLMNTGWKFINQNDINYSPTNRPLIRDIATNVARFNGDATIGNNGYTQFNQPLTRPDNSAEFGQGNVSAMHVTTVGVYNFRSDAQWYVKSNPPEIGNQWGPVWSEATRPLRLVGGTGSADIGGNLRTSGNASHHLATLWLGVNNSRNGACVVTLDWKNNEWIAAAGIGCYNPLEDLTQWSEVDSRLRIFGNNFQKRVHGIMCLPVNMCVPFHFIRGTVVQCGVINGHNAMQMKAMWAPATTNSATQGDYAITYWLVARADGSVEVWVNVEMSNIMNMRVILPEVRIAVQRLA,QFR57578.1,MGFYAGRIGDKKVLSLTSGNNKDVNNHTNPGWDTIFHSDMPHVVVLETHERDLWDGGDWYRCTRMPDRIIQVLSADYDRVVLTEVEFEDGTRRFIYGTSLGVGAKAYNAYFSNTVGSQASAGTMASMKTNVCASADLHMDVSFYFEETPGTINEKLRDGTGCMYTWGVNSEWGDRGPGPPVGAPIRPNFETIIKAGWVLYRGAFSGNIAGSVSPPNRPLTIGADAMRHPWMRTTGVNSICLRGETLNRNIYGHMGPRYGKGSNPVGGPYAHNIQTESYQEVQYKAGFFRGPPNNFMGWENTDNNNAGSGWGNNAIYRDNNFRVPKRVRWYITNMKYNGQGFYAENVFGSRNQEIKISPREFIVNGINLMNTGWKFINQNDINYSPGNRPDIRVIATNVARFNGDATIGNNGYTQFNQPLTRPDNSAEFGQGNVSAMHVTTVGVYNFRSDAQWYVKSNPPEIGNQWGPVWSEATRPLRLVGGTGSADIGGNLRTSGNASHHLATLWLGVNNSRNGACVVTLDWKNDEWIAAAGIGCYNPLEDLTQWSEVDSRLRIFGNNFQKRVHQIMCLPVNMCVPFHFIRGTVVQCGVIPGHNAMQMKAMWAPATTNSATQGDYAITYWLVARADGSVEVWVNVEMSNIMNMRVILPEVRIAVQRLA,43,results/broad/linear_probe/seed_42/model.joblib,results/broad/linear_probe/seed_42/label_classes.json,9,QFR57578.1,Klebsiella,receptor-binding protein,0.9992626905441284,0.9961122274398804,False,QFR57578.1,Klebsiella,receptor-binding protein,0.9992626905441284,0.9961122274398804,False,QFR57578.1,Klebsiella,receptor-binding protein,0.9992626905441284,0.9961122274398804,False,-1.4483608305454254,-2.794978260993957,1.346617430448532,0.9976874589920044,False,True,True,False,True,False,9,R232D;T233V;V323D;G386T;D390L;V393D;D525N;Q565G;P591N,9,True,True,True,True,True,True,True,True,True,True,diversity,0.6190411223760864,0.4506412120370534,-0.2739351250471751,0.7198110405761482,-0.144504915257726,0.4725606869336208,Acinetobacter,validated_only
kleb_to_acinetobacter_structural_plus_random_diversity_seed43,/content/phageforge_extracted/phageforge/results/design_runs/kleb_to_acinetobacter_structural_plus_random_diversity_seed43,kleb_to_acinetobacter_structural_plus_random_diversity_seed43,round4_cand228,4,1,QFR57578.1,MN434096,Klebsiella,Acinetobacter,Klebsiella,0.1590282674398068,0.1590282674398068,0.9993051886558532,0.0006948113441467,3,P184V;R350T;Q586G,MGFYAGRIGDKKVLSLTSGNNKDVNNHTNPGWDTIFHSDMPHVVVLETHERDLWDGGDWYRCTRMPDRIIQVLSADYDRVVLTEVEFEDGTRRFIYGTSLGVGAKAYNAYFSNTVGSQASAGTMASMKTNVCASADLHMDVSFYFEETPGTINEKLRDGTGCMYTWGVNSEWGDRGPGPPVGAVIRPNFETIIKAGWVLYRGAFSGNIAGSVSPPNRPLTIGADAMRHPWMRTTPVNSICLRGETLNSNIYGHMGPRYGKGSNPVGGPYAHNIQTESYQEVQYKAGFFRGPPNNFMGWENTDNNNAGSGWGNNAIYRDNNFRVPKRVRWYITNMKDAGQGFYAENVFGSTNQEIKISPREFIVNGINLMNTGWKFINQNDINYSPVNRPDIRVIATNVARFNGDATITNNGYTQFNQPATRPDNSAEFGQGNVSAMHVTTVGVYNFRSDAQWYVKSNPPEIGNQWGPVWSEATRPLRLVGGTGSADIGGNLRTSGNASHHLATLWLGVNNSRNGACVVTLDWKNDEWIAAAGIGCYNPLEDLTQWSEVDSRLAIFGNNFQKRVHQIMCLPVNMCVPFHFIRGTVVGCGVIPGHNAMQMKAMWAPATTNSATQGDYAITYWLVARADGSVEVWVNVEMSNIMNMRVILPEVRIAVQRLA,QFR57578.1,MGFYAGRIGDKKVLSLTSGNNKDVNNHTNPGWDTIFHSDMPHVVVLETHERDLWDGGDWYRCTRMPDRIIQVLSADYDRVVLTEVEFEDGTRRFIYGTSLGVGAKAYNAYFSNTVGSQASAGTMASMKTNVCASADLHMDVSFYFEETPGTINEKLRDGTGCMYTWGVNSEWGDRGPGPPVGAPIRPNFETIIKAGWVLYRGAFSGNIAGSVSPPNRPLTIGADAMRHPWMRTTGVNSICLRGETLNRNIYGHMGPRYGKGSNPVGGPYAHNIQTESYQEVQYKAGFFRGPPNNFMGWENTDNNNAGSGWGNNAIYRDNNFRVPKRVRWYITNMKYNGQGFYAENVFGSRNQEIKISPREFIVNGINLMNTGWKFINQNDINYSPGNRPDIRVIATNVARFNGDATIGNNGYTQFNQPLTRPDNSAEFGQGNVSAMHVTTVGVYNFRSDAQWYVKSNPPEIGNQWGPVWSEATRPLRLVGGTGSADIGGNLRTSGNASHHLATLWLGVNNSRNGACVVTLDWKNDEWIAAAGIGCYNPLEDLTQWSEVDSRLRIFGNNFQKRVHQIMCLPVNMCVPFHFIRGTVVQCGVIPGHNAMQMKAMWAPATTNSATQGDYAITYWLVARADGSVEVWVNVEMSNIMNMRVILPEVRIAVQRLA,43,results/broad/linear_probe/seed_42/model.joblib,results/broad/linear_probe/seed_42/label_classes.json,11,QFR57578.1,Klebsiella,receptor-binding protein,0.9993053674697876,0.9973024129867554,False,QFR57578.1,Klebsiella,receptor-binding protein,0.9993053674697876,0.9973024129867554,False,QFR57578.1,Klebsiella,receptor-binding protein,0.9993053674697876,0.9973024129867554,False,-2.5621450742085776,-3.15706197420756,0.5949168999989825,0.9983038902282716,False,True,True,False,True,False,11,P184V;G235P;R248S;Y336D;N337A;R350T;G386V;G408T;L419A;R553A;Q586G,11,True,True,True,True,True,True,True,True,True,True,diversity,0.7579706465555105,0.4933108757942392,1.008413869443894,-0.2155324875571274,1.1399832203665077,0.4693483951449037,Acinetobacter,validated_only
kleb_to_acinetobacter_structural_plus_random_diversity_seed43,/content/phageforge_extracted/phageforge/results/design_runs/kleb_to_acinetobacter_structural_plus_random_diversity_seed43,kleb_to_acinetobacter_structural_plus_random_diversity_seed43,round4_cand245,4,5,QFR57578.1,MN434096,Klebsiella,Acinetobacter,Enterobacter,0.1448484156028924,0.1448484156028924,0.9994129538536072,0.0005870461463928,1,R392G,MGFYAGRIGDKKVLSLTSGNNKDVNNHTNPGWDTIFHSDMPHVVVLETHERDLWDGGDWYRCTRMPDRIIQVLSADYDRVVLTEVEFEDGTRRFIYGTSLGVGAKAYNAYFSNTVGSQASAGTMASMKTNVCASADLHMDVSFYFEETPGTINEKLRDGTGCMYTWGVNSEWGDRGPGPPVGAPIRPNFETIIKAGWVLYRGAFSGNIAGSVSPPNRPLTIGADAMRHPWMRTTPVNSICLRGETLNSNIYGHMGPRYGKGSNPVGGPYAHNIQTESYQEVQYKAGFFRGPPNNFMGWENTDNNNAGSGWGNNAIYRDNNFRVPKRVRWYITNMKDAGQGFYAENVFGSRNQEIKISPREFIVNGINLMNTGWKFINQNDINYSPVNRPDIGVIATNVARFNGDATITNNGYTQFNQPATRPDNSAEFGQGNVSAMHVTTVGVYNFRSDAQWYVKSNPPEIGNQWGPVWSEATRPLRLVGGTGSADIGGNLRTSGNASHHLATLWLGVNNSRNGACVVTLDWKNDEWIAAAGIGCYNPLEDLTQWSEVDSRLAIFGNNFQKRVHQIMCLPVNMCVPFHFIRGTVVQCGVIPGHNAMQMKAMWAPATTNSATQGDYAITYWLVARADGSVEVWVNVEMSNIMNMRVILPEVRIAVQRLA,QFR57578.1,MGFYAGRIGDKKVLSLTSGNNKDVNNHTNPGWDTIFHSDMPHVVVLETHERDLWDGGDWYRCTRMPDRIIQVLSADYDRVVLTEVEFEDGTRRFIYGTSLGVGAKAYNAYFSNTVGSQASAGTMASMKTNVCASADLHMDVSFYFEETPGTINEKLRDGTGCMYTWGVNSEWGDRGPGPPVGAPIRPNFETIIKAGWVLYRGAFSGNIAGSVSPPNRPLTIGADAMRHPWMRTTGVNSICLRGETLNRNIYGHMGPRYGKGSNPVGGPYAHNIQTESYQEVQYKAGFFRGPPNNFMGWENTDNNNAGSGWGNNAIYRDNNFRVPKRVRWYITNMKYNGQGFYAENVFGSRNQEIKISPREFIVNGINLMNTGWKFINQNDINYSPGNRPDIRVIATNVARFNGDATIGNNGYTQFNQPLTRPDNSAEFGQGNVSAMHVTTVGVYNFRSDAQWYVKSNPPEIGNQWGPVWSEATRPLRLVGGTGSADIGGNLRTSGNASHHLATLWLGVNNSRNGACVVTLDWKNDEWIAAAGIGCYNPLEDLTQWSEVDSRLRIFGNNFQKRVHQIMCLPVNMCVPFHFIRGTVVQCGVIPGHNAMQMKAMWAPATTNSATQGDYAITYWLVARADGSVEVWVNVEMSNIMNMRVILPEVRIAVQRLA,43,results/broad/linear_probe/seed_42/model.joblib,results/broad/linear_probe/seed_42/label_classes.json,9,QFR57578.1,Klebsiella,receptor-binding protein,0.999413013458252,0.9972607493400574,False,QFR57578.1,Klebsiella,receptor-binding protein,0.999413013458252,0.9972607493400574,False,QFR57578.1,Klebsiella,receptor-binding protein,0.999413013458252,0.9972607493400574,False,-2.2598414421081543,-2.761399269104004,0.5015578269958496,0.9983368813991548,False,True,True,False,True,False,9,G235P;R248S;Y336D;N337A;G386V;R392G;G408T;L419A;R553A,9,True,True,True,True,True,True,True,True,True,True,diversity,0.3522383923772595,0.6009385472264706,0.9635239482124608,-0.331699499803054,-0.144504915257726,0.417966072163568,Acinetobacter,validated_only
kleb_to_acinetobacter_structural_plus_random_diversity_seed44,/content/phageforge_extracted/phageforge/results/design_runs/kleb_to_acinetobacter_structural_plus_random_diversity_seed44,kleb_to_acinetobacter_structural_plus_random_diversity_seed44,round4_cand86,4,28,QFR57578.1,MN434096,Klebsiella,Acinetobacter,Klebsiella,0.1402885321187059,0.1402885321187059,0.999584138393402,0.0004158616065979,2,E540N;R644S,MGFYAGRIGDKKVLSLTSGNNKDVNNHTNPGWDTIFHSDMPHVVVLETHERDLWDGGDWYRCTRMPDRIIQVLSADYDRVVLTEVEFEDGTRRFIYGTSLGVGAKAYNAYFSNTVGSQASAGTMASMKTNVCASADLHMDVSFYFEETPGTINEKLRDGTGCMYTWGVNSEWGDRGTGPPVGAPIRPNFETIIKAGWVLYRGAFSGNIAGSVSPPNRPLTIGADAMRHPWMRTTGVNSICLRGETLNRNIYGHMGPRYGKGSNPVGGPYAHNIQTESYQEVQYKAGFFRGPPNNFMGWENTDNNNAGSGWGNNAIYRDNNFGVPKRVRWYITNMKYNDQGFYAENVFGSRNQEIKISPREFIVNGINLMNTPWKFINQNDINYSPGNRPDIRVIATNVAGFNGDATIGNNGYTQFNQPLTRPDNSAEFGQGNVSAMHVTTVGVYNFRSDAQWYVKSNPPEIGNQWGPVWSEATRPLRLVGGTGSADIGGNLRTSGNASHHLATLWLGVNNSRNGACVVTLDWKNDEWIAAAGIGCYNPLNDLTQWSEVDSRLRIFGNNFVKRVHQIMCLPVNMCVPFHFIRGTVVQCGVIPGHNAMQMKAMWAPATTNSATQGDNAITYWLVARADGSVEVWCNVEMSNIMNMSVILPEVRIAVQRLA,QFR57578.1,MGFYAGRIGDKKVLSLTSGNNKDVNNHTNPGWDTIFHSDMPHVVVLETHERDLWDGGDWYRCTRMPDRIIQVLSADYDRVVLTEVEFEDGTRRFIYGTSLGVGAKAYNAYFSNTVGSQASAGTMASMKTNVCASADLHMDVSFYFEETPGTINEKLRDGTGCMYTWGVNSEWGDRGPGPPVGAPIRPNFETIIKAGWVLYRGAFSGNIAGSVSPPNRPLTIGADAMRHPWMRTTGVNSICLRGETLNRNIYGHMGPRYGKGSNPVGGPYAHNIQTESYQEVQYKAGFFRGPPNNFMGWENTDNNNAGSGWGNNAIYRDNNFRVPKRVRWYITNMKYNGQGFYAENVFGSRNQEIKISPREFIVNGINLMNTGWKFINQNDINYSPGNRPDIRVIATNVARFNGDATIGNNGYTQFNQPLTRPDNSAEFGQGNVSAMHVTTVGVYNFRSDAQWYVKSNPPEIGNQWGPVWSEATRPLRLVGGTGSADIGGNLRTSGNASHHLATLWLGVNNSRNGACVVTLDWKNDEWIAAAGIGCYNPLEDLTQWSEVDSRLRIFGNNFQKRVHQIMCLPVNMCVPFHFIRGTVVQCGVIPGHNAMQMKAMWAPATTNSATQGDYAITYWLVARADGSVEVWVNVEMSNIMNMRVILPEVRIAVQRLA,44,results/broad/linear_probe/seed_42/model.joblib,results/broad/linear_probe/seed_42/label_classes.json,10,QFR57578.1,Klebsiella,receptor-binding protein,0.9995841979980468,0.9974624514579772,False,QFR57578.1,Klebsiella,receptor-binding protein,0.9995841979980468,0.9974624514579772,False,QFR57578.1,Klebsiella,receptor-binding protein,0.9995841979980468,0.9974624514579772,False,-2.4917572736740112,-3.12918758392334,0.6374303102493286,0.998523324728012,False,True,True,False,True,False,10,P177T;R322G;G338D;G372P;R400G;E540N;Q560V;Y615N;V633C;R644S,10,True,True,True,True,True,True,True,True,True,True,diversity,0.2217651105610963,0.7720939582747364,1.180845111942198,-0.1626329065062066,0.4977391525543908,0.3957757048811371,Acinetobacter,validated_only
kleb_to_acinetobacter_structural_plus_random_diversity_seed44,/content/phageforge_extracted/phageforge/results/design_runs/kleb_to_acinetobacter_structural_plus_random_diversity_seed44,kleb_to_acinetobacter_structural_plus_random_diversity_seed44,round4_cand259,4,34,QFR57578.1,MN434096,Klebsiella,Acinetobacter,Enterobacter,0.1387882044507878,0.1387882044507878,0.999610960483551,0.0003890395164489,2,W469V;R553N,MGFYAGRIGDKKVLSLTSGNNKDVNNHTNPGWDTIFHSDMPHVVVLETHERDLWDGGDWYRCTRMPDRIIQVLSADYDRVVLTEVEFEDGTRRFIYGTSLGVGAKAYNAYFSNTVGSQASAGTMASMKTNVCASADLHMDVSFYFEETPGTINEKLRDGTGCMYTWGVNSEWGDRGPGPPVGAPIRPNFETIIKAGWVLYRGAFSGNIAGSVSPPNRPLTIGADAMRHPWMSTTGVNSICLRGETLNRNIYGHMGPRYGKGSNPVGGPYAHNIQTESYQEVQYKAGFFRGPPNNFMGWENTDNNNAGSGWGNNAIYRDNNFRVPKRVRWYITNMKYNDQGFYAENVFGSRNQEIKISPREFIVNGINLMNTPWKFINQNDINYSPGNRPDIRVIATNVAGFNGDATIGNNGYTQFNQPLTRPDNSAEFGQGNVSAMHVTTVGVYNFRSDAQWYVKSNPPEIGNQWGPVVSEATRPLRLVGGTGSADIGGNLRTSGNASHHLATLWLGVNNSRNGACVVTLDWKNDEWIAAAGIGCYNPLEDLTQWSEVDSRLNIFGNNFVKRVHQIMCLPVNMCVPFHFIRGTVVQCGVIPGHNAMQMKAMWAPATTNSATQGDNAITYWLVARADGSVEVWCNVEMSNIMNMRVILPEVRIAVQRLA,QFR57578.1,MGFYAGRIGDKKVLSLTSGNNKDVNNHTNPGWDTIFHSDMPHVVVLETHERDLWDGGDWYRCTRMPDRIIQVLSADYDRVVLTEVEFEDGTRRFIYGTSLGVGAKAYNAYFSNTVGSQASAGTMASMKTNVCASADLHMDVSFYFEETPGTINEKLRDGTGCMYTWGVNSEWGDRGPGPPVGAPIRPNFETIIKAGWVLYRGAFSGNIAGSVSPPNRPLTIGADAMRHPWMRTTGVNSICLRGETLNRNIYGHMGPRYGKGSNPVGGPYAHNIQTESYQEVQYKAGFFRGPPNNFMGWENTDNNNAGSGWGNNAIYRDNNFRVPKRVRWYITNMKYNGQGFYAENVFGSRNQEIKISPREFIVNGINLMNTGWKFINQNDINYSPGNRPDIRVIATNVARFNGDATIGNNGYTQFNQPLTRPDNSAEFGQGNVSAMHVTTVGVYNFRSDAQWYVKSNPPEIGNQWGPVWSEATRPLRLVGGTGSADIGGNLRTSGNASHHLATLWLGVNNSRNGACVVTLDWKNDEWIAAAGIGCYNPLEDLTQWSEVDSRLRIFGNNFQKRVHQIMCLPVNMCVPFHFIRGTVVQCGVIPGHNAMQMKAMWAPATTNSATQGDYAITYWLVARADGSVEVWVNVEMSNIMNMRVILPEVRIAVQRLA,44,results/broad/linear_probe/seed_42/model.joblib,results/broad/linear_probe/seed_42/label_classes.json,9,QFR57578.1,Klebsiella,receptor-binding protein,0.9996112585067748,0.9976817965507508,False,QFR57578.1,Klebsiella,receptor-binding protein,0.9996112585067748,0.9976817965507508,False,QFR57578.1,Klebsiella,receptor-binding protein,0.9996112585067748,0.9976817965507508,False,-2.647257328033448,-2.806764960289001,0.1595076322555542,0.9986465275287628,False,True,True,False,True,False,9,R232S;G338D;G372P;R400G;W469V;R553N;Q560V;Y615N;V633C,9,True,True,True,True,True,True,True,True,True,True,diversity,0.1788357955222959,0.7991498623889296,1.4171754554784513,-0.7573137211416066,-0.144504915257726,0.3936933252585648,Acinetobacter,validated_only
kleb_to_acinetobacter_structural_plus_random_diversity_seed43,/content/phageforge_extracted/phageforge/results/design_runs/kleb_to_acinetobacter_structural_plus_random_diversity_seed43,kleb_to_acinetobacter_structural_plus_random_diversity_seed43,round4_cand438,4,40,QFR57578.1,MN434096,Klebsiella,Acinetobacter,Enterobacter,0.1324693202380532,0.1324693202380532,0.9994025826454164,0.0005974173545837,2,P179V;P268G,MGFYAGRIGDKKVLSLTSGNNKDVNNHTNPGWDTIFHSDMPHVVVLETHERDLWDGGDWYRCTRMPDRIIQVLSADYDRVVLTEVEFEDGTRRFIYGTSLGVGAKAYNAYFSNTVGSQASAGTMASMKTNVCASADLHMDVSFYFEETPGTINEKLRDGTGCMYTWGVNSEWGDRGPGVPVGAPIRPNFETIIKAGWVLYRGAFSGNIAGSVSPPNVPLTIGADAMRHPWMRTTGVNSICLRGETLNANIYGHNGPRYGKGSNPVGGGYAHNIQTESYQEVQYKAGFFRGPPNNFMGWENTDNNNAGSGWGNNAIYRDNNFRDPKRVGWYITNMKYNGQGFYAENVFGSRNQEIKISPREFIVNGINLMNTGWKFINQNDINYSPGNRPDIRVIATNVARFNGDATIGNNGYTQFNQPLTRPDNSAEFGQGNVSAMHVTTVGVYNFRSDAQWYVKSNPPEIGNNWGPVWSEATRPLRLVGGTGSADIGGNLRTSGNASHHLATLWLGVNNSRNGACVVTLDWKNDEWIAAAGIGCYNPLEDLTQWSEVDSRLRIFGNNFQKRVHQIMCLPVNMCVPFHFIRGTVVQCGVIPGHNAMQMKAMWAPATTNSATQGDYAITYWLVARADGSVEVWVNVEMSNIMNMRVILPEVRIAVQRLA,QFR57578.1,MGFYAGRIGDKKVLSLTSGNNKDVNNHTNPGWDTIFHSDMPHVVVLETHERDLWDGGDWYRCTRMPDRIIQVLSADYDRVVLTEVEFEDGTRRFIYGTSLGVGAKAYNAYFSNTVGSQASAGTMASMKTNVCASADLHMDVSFYFEETPGTINEKLRDGTGCMYTWGVNSEWGDRGPGPPVGAPIRPNFETIIKAGWVLYRGAFSGNIAGSVSPPNRPLTIGADAMRHPWMRTTGVNSICLRGETLNRNIYGHMGPRYGKGSNPVGGPYAHNIQTESYQEVQYKAGFFRGPPNNFMGWENTDNNNAGSGWGNNAIYRDNNFRVPKRVRWYITNMKYNGQGFYAENVFGSRNQEIKISPREFIVNGINLMNTGWKFINQNDINYSPGNRPDIRVIATNVARFNGDATIGNNGYTQFNQPLTRPDNSAEFGQGNVSAMHVTTVGVYNFRSDAQWYVKSNPPEIGNQWGPVWSEATRPLRLVGGTGSADIGGNLRTSGNASHHLATLWLGVNNSRNGACVVTLDWKNDEWIAAAGIGCYNPLEDLTQWSEVDSRLRIFGNNFQKRVHQIMCLPVNMCVPFHFIRGTVVQCGVIPGHNAMQMKAMWAPATTNSATQGDYAITYWLVARADGSVEVWVNVEMSNIMNMRVILPEVRIAVQRLA,43,results/broad/linear_probe/seed_42/model.joblib,results/broad/linear_probe/seed_42/label_classes.json,8,QFR57578.1,Klebsiella,receptor-binding protein,0.999402642250061,0.9967753291130066,False,QFR57578.1,Klebsiella,receptor-binding protein,0.999402642250061,0.9967753291130066,False,QFR57578.1,Klebsiella,receptor-binding protein,0.999402642250061,0.9967753291130066,False,-2.4662201404571533,-3.671064853668213,1.2048447132110596,0.9980889856815338,False,True,True,False,True,False,8,P179V;R217V;R248A;M254N;P268G;V323D;R328G;Q464N,8,True,True,True,True,True,True,True,True,True,True,diversity,-0.0019682893871035,0.5905691037994449,0.4405146227349334,0.5434027660540662,-0.786748983069843,0.3730190523509989,Acinetobacter,validated_only
