shortlist_target,validated_pass_patched,target_score,corrected_rank_score,strict_nn_cosine,strict_top5_mean_cosine,pll_delta_candidate_minus_seed,actual_n_mutations,actual_mutation_list,strict_nn_product,method,run_name,candidate_id
Enterobacter,True,0.6039592162199577,0.8791594936022784,0.9994680881500244,0.9970868825912476,1.7524060010910034,8,P179N;W197R;K260P;W373T;W505R;W522P;K523D;W527I,receptor-binding protein,kleb_to_enterobacter_structural_entropy_diversity_novelty_seed42,kleb_to_enterobacter_structural_entropy_diversity_novelty_seed42,round4_cand126
Enterobacter,True,0.615740058261534,0.8763918784381521,0.9993664026260376,0.9969727396965028,1.932367086410523,9,W197R;C240N;K260P;W373T;W505N;W522P;K523D;W527I;H593L,receptor binding tail protein,kleb_to_enterobacter_structural_entropy_diversity_novelty_seed42,kleb_to_enterobacter_structural_entropy_diversity_novelty_seed42,round4_cand97
Enterobacter,True,0.6014742985201821,0.8751994185848215,0.9994475841522216,0.9971085786819458,1.9368160963058472,8,W197R;K260P;W329N;W373T;W522P;K523D;W527I;C568T,receptor binding tail protein,kleb_to_enterobacter_structural_entropy_diversity_novelty_seed42,kleb_to_enterobacter_structural_entropy_diversity_novelty_seed42,round4_cand121
Enterobacter,True,0.5962769705853217,0.7795769901675893,0.9994362592697144,0.9970654249191284,1.9446324110031128,8,W197R;K260P;W373T;W522P;K523D;W527I;K561S;C574R,receptor binding tail protein,kleb_to_enterobacter_structural_entropy_diversity_novelty_seed42,kleb_to_enterobacter_structural_entropy_diversity_novelty_seed42,round4_cand76
Enterobacter,True,0.5972789671322457,0.771271228682197,0.9994760751724244,0.9971140027046204,1.220731258392334,7,W197R;K260P;W373T;C516D;W522P;K523D;W527I,receptor binding tail protein,kleb_to_enterobacter_structural_entropy_diversity_novelty_seed42,kleb_to_enterobacter_structural_entropy_diversity_novelty_seed42,round4_cand80
Enterobacter,True,0.6266772435692393,0.7669051464402816,0.9992115497589112,0.9968268275260924,1.5388252735137935,9,K22V;W197R;K260P;W329N;K335A;W373T;W522P;K523D;W527I,receptor binding tail protein,kleb_to_enterobacter_structural_entropy_diversity_novelty_seed42,kleb_to_enterobacter_structural_entropy_diversity_novelty_seed42,round4_cand102
Enterobacter,True,0.6081098898154154,0.7454811459141322,0.999398946762085,0.997082531452179,1.492685476938883,9,C162N;W197R;K260P;W373T;W505S;C516T;W522P;K523D;W527I,receptor binding tail protein,kleb_to_enterobacter_structural_entropy_diversity_novelty_seed42,kleb_to_enterobacter_structural_entropy_diversity_novelty_seed42,round4_cand78
Enterobacter,True,0.6054672647277833,0.7284309186553278,0.9993404150009156,0.9968478083610536,2.6077380180358887,10,K128V;W197D;K260A;W329N;W373T;K374F;W505S;C516N;W522T;C574R,receptor-binding protein,kleb_to_enterobacter_structural_entropy_diversity_novelty_seed43,kleb_to_enterobacter_structural_entropy_diversity_novelty_seed43,round4_cand8
Enterobacter,True,0.6034416602760673,0.7099778938320891,0.999402403831482,0.9970391988754272,1.6959524154663086,9,P179G;W197R;K260P;W329P;K335G;W373T;W522P;K523D;W527I,receptor-binding protein,kleb_to_enterobacter_structural_entropy_diversity_novelty_seed42,kleb_to_enterobacter_structural_entropy_diversity_novelty_seed42,round4_cand125
Enterobacter,True,0.6235196891148364,0.683900220816495,0.9993082284927368,0.996821105480194,0.994361162185669,9,K260A;W329N;W373T;K374F;W505R;C516D;W522T;W527T;C574R,receptor-binding protein,kleb_to_enterobacter_structural_entropy_diversity_novelty_seed43,kleb_to_enterobacter_structural_entropy_diversity_novelty_seed43,round4_cand94
Acinetobacter,True,0.1493468540152513,0.6063149326219341,0.9995542764663696,0.996886432170868,1.3352919816970823,9,Y96G;E171N;R232D;G267V;R289A;R392N;W522N;R562A;S609L,receptor-binding protein,kleb_to_acinetobacter_structural_plus_random_diversity_seed43,kleb_to_acinetobacter_structural_plus_random_diversity_seed43,round4_cand492
Acinetobacter,True,0.1522654542815507,0.5384628615340449,0.9994000792503356,0.9974018931388856,0.8746797243754068,10,P177T;R232D;M254A;R322G;G338D;G372P;R400G;Q560G;Y615N;V633C,receptor-binding protein,kleb_to_acinetobacter_structural_plus_random_diversity_seed44,kleb_to_acinetobacter_structural_plus_random_diversity_seed44,round4_cand124
Acinetobacter,True,0.1407551129414836,0.5126153869869006,0.9995492100715636,0.997660756111145,1.106385588645935,10,P177T;R322G;G338D;G372P;R400G;Q560V;M598L;Y615N;W620S;V633C,receptor-binding protein,kleb_to_acinetobacter_structural_plus_random_diversity_seed44,kleb_to_acinetobacter_structural_plus_random_diversity_seed44,round4_cand114
Acinetobacter,True,0.1472095827459632,0.4999109577953121,0.9996200799942015,0.9976059198379515,0.201522946357727,9,D58K;R157L;R201T;G338D;G372P;R400G;Q560V;Y615N;V633C,receptor-binding protein,kleb_to_acinetobacter_structural_plus_random_diversity_seed44,kleb_to_acinetobacter_structural_plus_random_diversity_seed44,round4_cand599
Acinetobacter,True,0.1541728485068773,0.4725606869336208,0.9992626905441284,0.9961122274398804,1.346617430448532,9,R232D;T233V;V323D;G386T;D390L;V393D;D525N;Q565G;P591N,receptor-binding protein,kleb_to_acinetobacter_structural_plus_random_diversity_seed43,kleb_to_acinetobacter_structural_plus_random_diversity_seed43,round4_cand530
Acinetobacter,True,0.1590282674398068,0.4693483951449037,0.9993053674697876,0.9973024129867554,0.5949168999989825,11,P184V;G235P;R248S;Y336D;N337A;R350T;G386V;G408T;L419A;R553A;Q586G,receptor-binding protein,kleb_to_acinetobacter_structural_plus_random_diversity_seed43,kleb_to_acinetobacter_structural_plus_random_diversity_seed43,round4_cand228
Acinetobacter,True,0.1448484156028924,0.417966072163568,0.999413013458252,0.9972607493400574,0.5015578269958496,9,G235P;R248S;Y336D;N337A;G386V;R392G;G408T;L419A;R553A,receptor-binding protein,kleb_to_acinetobacter_structural_plus_random_diversity_seed43,kleb_to_acinetobacter_structural_plus_random_diversity_seed43,round4_cand245
Acinetobacter,True,0.1402885321187059,0.3957757048811371,0.9995841979980468,0.9974624514579772,0.6374303102493286,10,P177T;R322G;G338D;G372P;R400G;E540N;Q560V;Y615N;V633C;R644S,receptor-binding protein,kleb_to_acinetobacter_structural_plus_random_diversity_seed44,kleb_to_acinetobacter_structural_plus_random_diversity_seed44,round4_cand86
Acinetobacter,True,0.1387882044507878,0.3936933252585648,0.9996112585067748,0.9976817965507508,0.1595076322555542,9,R232S;G338D;G372P;R400G;W469V;R553N;Q560V;Y615N;V633C,receptor-binding protein,kleb_to_acinetobacter_structural_plus_random_diversity_seed44,kleb_to_acinetobacter_structural_plus_random_diversity_seed44,round4_cand259
Acinetobacter,True,0.1324693202380532,0.3730190523509989,0.999402642250061,0.9967753291130066,1.2048447132110596,8,P179V;R217V;R248A;M254N;P268G;V323D;R328G;Q464N,receptor-binding protein,kleb_to_acinetobacter_structural_plus_random_diversity_seed43,kleb_to_acinetobacter_structural_plus_random_diversity_seed43,round4_cand438
