round,parent_rank,parent_candidate_id,virus_accession,source_host,seed_protein_id,protein_id,candidate_id,target_host,mutations,aa_sequence,pred_label,target_score,family_cosine,target_anchor_cosine,seed_cosine_similarity,n_mutations,selection_score,rank_in_round
2,8,round1_cand54,MN434096,Klebsiella,QFR57578.1,QFR57578.1,round2_cand94,Enterobacter,W310F;W373N,MGFYAGRIGDKKVLSLTSGNNKDVNNHTNPGWDTIFHSDMPHVVVLETHERDLWDGGDWYRCTRMPDRIIQVLSADYDRVVLTEVEFEDGTRRFIYGTSLGVGAKAYNAYFSNTVGSQASAGTMASMKTNVCASADLHMDVSFYFEETPGTINEKLRDGTGRMYTWGVNSEWGDRGPGPPVGAPIRPNFETIIKAGWVLYRGAFSGNIAGSVSPPNRPLTIGADAMRHPWMRTTGVNSICLRGETLNRNIYGHMGPRYGKGSNPVGGPYAHNIQTESYQEVQYKAGFFRGPPNNFMGWENTDNNNAGSGFGNNAIYRDNNFRVPKRVRWYITNMKYNGQGFYAENVFGSRNQEIKISPREFIVNGINLMNTGNKFINQNDINYSPGNRPDIRVIATNVARFNGDATIGNNGYTQFNQPLTRPDNSAEFGQGNVSAMHVTTVGVYNFRSDAQWYVKSNPPEIGNQWGPVWSEATRPLRLVGGTGSADIGGNLRTSGNASHHLATLWLGVNNSRNGACVVTLDRKNDEWIAAAGIGCYNPLEDLTQWSEVDSRLRIFGNNFQKRVHQIMCLPVNMCVPFHFIRGTVVQCGVIPGHNAMQMKAMWAPATTNSATQGDYAITYWLVARADGSVEVWVNVEMSNIMNMRVILPEVRIAVQRLA,Enterobacter,0.5313147125025406,0.99942607,0.96097213,0.999781,2,0.7653567111869468,1
2,15,round1_cand51,MN434096,Klebsiella,QFR57578.1,QFR57578.1,round2_cand123,Enterobacter,W197D;K260G;W329N;R516G,MGFYAGRIGDKKVLSLTSGNNKDVNNHTNPGWDTIFHSDMPHVVVLETHERDLWDGGDWYRCTRMPDRIIQVLSADYDRVVLTEVEFEDGTRRFIYGTSLGVGAKAYNAYFSNTVGSQASAGTMASMKTNVCASADLHMDVSFYFEETPGTINEKLRDGTGCMYTWGVNSEWGDRGPGPPVGAPIRPNFETIIKAGDVLYRGAFSGNIAGSVSPPNRPLTIGADAMRHPWMRTTGVNSICLRGETLNRNIYGHMGPRYGGGSNPVGGPYAHNIQTESYQEVQYKAGFFRGPPNNFMGWENTDNNNAGSGWGNNAIYRDNNFRVPKRVRNYITNMKYNGQGFYAENVFGSRNQEIKISPREFIVNGINLMNTGDKFINQNDINYSPGNRPDIRVIATNVARFNGDATIGNNGYTQFNQPLTRPDNSAEFGQGNVSAMHVTTVGVYNFRSDAQWYVGSNPPEIGNQWGPVWSEATRPLRLVGGTGSADIGGNLRTSGNASHHLATLALGVNNSRNGAGVVTLDRKNDEWIAAAGIGCYNPLEDLTQWSEVDSRLRIFGNNFQKRVHQIMCLPVNMCVPFHFIRGTVVQCGVIPGHNAMQMKAMWAPATTNSATQGDYAITYRLVARADGSVEVWVNVEMSNIMNMRVILPEVRIAVQRLA,Enterobacter,0.5908678515845369,0.9989687,0.9619535,0.9994172,4,0.7649837712043356,2
2,2,round1_cand60,MN434096,Klebsiella,QFR57578.1,QFR57578.1,round2_cand69,Enterobacter,W373T;S425Y,MGFYAGRIGDKKVLSLTSGNNKDVNNHTNPGWDTIFHSDMPHVVVLETHERDLWDGGDWYRCTRMPDRIIQVLSADYDRVVLTEVEFEDGTRRFIYGTSLGVGAKAYNAYFSNTVGSQASAGTMASMKTNVCASADLHMDVSFYFEETPGTINEKLRDGTGCMYTWGVNSEWGDRGPGPPVGAPIRPNFETIIKAGWVLYRGAFSGNIAGSVSPPNRPLTIGADAMRHPGMRTTGVNSICLRGETLNRNIYGHMGPRYGKGSNPVGGPYAHNIQTESYQEVQYKAGFFRGPPNNFMGWENTDNNNAGSGWGNNAIYRDNNFRVPKRVRWYITDMKYNGQGFYAENVFGSRNQEIKISPREFIVNGINLMNTGTKFINQNDINYSPGNRPDLRVIATNVARFNGDATIGNNGYTQFNQPLTRPDNYAEFGQGNVSAMHVTTVGVYNFRSDAQWYVKSNPPEIGNQGGPVWSEATRPLRLVGGTGSADIGGNLRTSGNASHHLATLWLGVNNSRNGACVVTLDWKNDEWIAAAGIGCYNPLEDLTQWSEVDSRLRIFGNNFQKRVHQIMCPPVNMCVPFHFIRGTVVQCGVIPGHNAMQMAAMWAPATTNSATQGDYAITYWLVARADGSVEVWVNVEMSNIMNMRVILPEVRIAVQRLA,Enterobacter,0.5255400099153392,0.9993174,0.9622421,0.9997786,2,0.7597508834595554,3
2,14,round1_cand32,MN434096,Klebsiella,QFR57578.1,QFR57578.1,round2_cand116,Enterobacter,S425N;W522S,MGFYAGRIGDKKVLSLTSGNNKDVNNHTNPGWDTIFHSDMPHVVVLETHERDLWDGGDWYRCTRMPDRIIQVLSADYDRVVLTEVEFEDGTRRFIYGTSLGVGAKAYNAYFSNTVGSQASAGTMASMKTNVCASADLHMDVSFYFEETPGTINEKLRDGTGRMYTWGVNSERGDRGPGPPVGAPIRPNFETIIKAGWVLYRGAFSGNIAGSVSPPNRPLTIGADAMRHPWMRTTGVNSICLRGETLNRNIYGHMGPRYGKGSNPVGGPYAHNIQTESYQEVQYKAGFFRGPPNNFMGWENTDNNNAGSGWGNNAIYRDNNFRVPKRVRWYITNMKYNGQGFYAENVFGSRNQEIKISPREFIVNGINLMNTGWKFINQNDINYSPGNRPDIRVIATNVARFNGDATIGNNGYTQFNQPLTRPDNNAEFGQGNVSAMHVTTVGVYNFRSDAQWYVKSNPPEIGNQWGPVWSEATRPLRLVGGTGSADIGGNLRTSGNASHHLATLTLGVNNSRNGACVGTLDSKNDEWIAAAGIGCYNPLEDLTQWSEVDSRLRIFGNNFQKRVHQIMCLPVNMCVPFHFIRGTVVQCGVIPGHNAMQMKAMWAPATTNSATQGDYAITYWLVARADGSVEVWVNVEMSNIMNMRVILPEVRIAVQRLA,Enterobacter,0.5222508143996505,0.99947846,0.959286,0.999783,2,0.7560502594327239,4
2,7,round1_cand61,MN434096,Klebsiella,QFR57578.1,QFR57578.1,round2_cand88,Enterobacter,W230D;W632S,MGFYAGRIGDKKVLSLTSGNNKDVNNHTNPGWDTIFHSDMPHVVVLETHERDLWDGGDWYRCTRMPDRIIQVLSADYDRVVLTEVEFEDGTRRFIYGTSLGVGAKAYNAYFSNTVGSQASAGTMASMKTNVCASADLHMDVSFYFEETPGTINEKLRDGTGCMYTWGVNSEWGDRGPGPPVGAPIRPNFETIIKAGWVLYRGAFSGNIAGSVSPPNRPLTIGADAMRHPDMRTTGVNSICLRGETLNRNIYGHMGPRYGTGSNPVGGPYAHNIQTESYQEVQYKAGFFRGPPNNFMGWENTDNNNAGSGWGNNAIYRDNNFRVPKRVRWYITNMKYNGQGFYAENVFGSRNQEIKISPREFIVNGINLMNTGNKFINQNDINYSPGNRPDIRVIATNVARFNGDATIGNNGYTQFNQPLTRPDNSAEFGQGNVSAMHVTTVGVYNFRSDAQWYVKSNPPEIGNQWGPVWSEATRPLRLVGGTGSADIGGNLRTSGNASHHLATLWLGVNNSRNGACVVTLDWKNDEWIAAAGIGCYNPLEDLTQWSEVDSRLRIFGNNFQKRVHQIMCLPVNMCVPFHFIRGTVVQCGVIPGHNAMQMKAMWAPATTNSATQGDYAITYWLVARADGSVEVSVNVEMSNIMNMRVILPEVRIAVQRLA,Enterobacter,0.5152441688587085,0.99945486,0.9616959,0.99978185,2,0.7494004333724396,5
2,5,round1_cand59,MN434096,Klebsiella,QFR57578.1,QFR57578.1,round2_cand81,Enterobacter,K260A;W373T;C516R,MGFYAGRIGDKKVLSLTSGNNKDVNNHTNPGWDTIFHSDMPHVVVLETHERDLWDGGDWYRCTRMPDRIIQVLSADYDRVVLTEVEFEDGTRRFIYGTSLGVGAKAYNAYFSNTVGSQASAGTMASMKTNVCASADLHMDVSFYFEETPGTINEKLRDGTGCMYTWGVNSEWGDRGPGPPVGAPIRPNFETIIKAGWVLYRGAFSGNIAGSVSPPNRPLTIGADAMRHPWMRTTGVNSICLRGETLNRNIYGHMGPRYGAGGNPVGGPYAHNIQTESYQEVQYKAGFFRGPPNNFMGWENTDNNNAGSGWGNNAIYRDNNFRVPKRVRGYITNAKYNGQGFYAENVFGSRNQEIKISPREFIVNGINLMNTGTTFINQNDINYSPGNRPDIRVIATNVARFNGDATIGNNGYTQFNQPLTRPDNSAEFGQGNVSAMHVTTVGVYNFRSDAQWYVKSNPPEIGNQWGPVWSEATRPLRLVGGTGSADIGGNLRTSGNASHHLATLWLGVNNSRNGARVVTLDWDNDEWIAAAGIGCYNPLEDLTQWSEVDSRLRIFGNNFQKRVHQIMCLPVNMCVPFHFPRGTVVQCGVIPGHNAMQMKAMWAPATTNSATQGDYAITYWLVARADGSVEVWVNVEMSNIMNMRVILPEVRIAVQRLA,Enterobacter,0.5247285661811274,0.9991332,0.96194214,0.9996208,3,0.7288654964382094,6
2,15,round1_cand51,MN434096,Klebsiella,QFR57578.1,QFR57578.1,round2_cand121,Enterobacter,W197T;K335N;R620E;M637G,MGFYAGRIGDKKVLSLTSGNNKDVNNHTNPGWDTIFHSDMPHVVVLETHERDLWDGGDWYRCTRMPDRIIQVLSADYDRVVLTEVEFEDGTRRFIYGTSLGVGAKAYNAYFSNTVGSQASAGTMASMKTNVCASADLHMDVSFYFEETPGTINEKLRDGTGCMYTWGVNSEWGDRGPGPPVGAPIRPNFETIIKAGTVLYRGAFSGNIAGSVSPPNRPLTIGADAMRHPWMRTTGVNSICLRGETLNRNIYGHMGPRYGKGSNPVGGPYAHNIQTESYQEVQYKAGFFRGPPNNFMGWENTDNNNAGSGWGNNAIYRDNNFRVPKRVRWYITNMNYNGQGFYAENVFGSRNQEIKISPREFIVNGINLMNTGDKFINQNDINYSPGNRPDIRVIATNVARFNGDATIGNNGYTQFNQPLTRPDNSAEFGQGNVSAMHVTTVGVYNFRSDAQWYVGSNPPEIGNQWGPVWSEATRPLRLVGGTGSADIGGNLRTSGNASHHLATLALGVNNSRNGARVVTLDRKNDEWIAAAGIGCYNPLEDLTQWSEVDSRLRIFGNNFQKRVHQIMCLPVNMCVPFHFIRGTVVQCGVIPGHNAMQMKAMWAPATTNSATQGDYAITYELVARADGSVEVWVNVEGSNIMNMRVILPEVRIAVQRLA,Enterobacter,0.5515646152802773,0.99921787,0.9613168,0.9995859,4,0.72562641388262,7
2,15,round1_cand51,MN434096,Klebsiella,QFR57578.1,QFR57578.1,round2_cand122,Enterobacter,P179V;W230N;W329N;R522N;M641A,MGFYAGRIGDKKVLSLTSGNNKDVNNHTNPGWDTIFHSDMPHVVVLETHERDLWDGGDWYRCTRMPDRIIQVLSADYDRVVLTEVEFEDGTRRFIYGTSLGVGAKAYNAYFSNTVGSQASAGTMASMKTNVCASADLHMDVSFYFEETPGTINEKLRDGTGCMYTWGVNSEWGDRGPGVPVGAPIRPNFETIIKAGWVLYRGAFSGNIAGSVSPPNRPLTIGADAMRHPNMRTTGVNSICLRGETLNRNIYGHMGPRYGKGSNPVGGPYAHNIQTESYQEVQYKAGFFRGPPNNFMGWENTDNNNAGSGWGNNAIYRDNNFRVPKRVRNYITNMKYNGQGFYAENVFGSRNQEIKISPREFIVNGINLMNTGDKFINQNDINYSPGNRPDIRVIATNVARFNGDATIGNNGYTQFNQPLTRPDNSAEFGQGNVSAMHVTTVGVYNFRSDAQWYVGSNPPEIGNQWGPVWSEATRPLRLVGGTGSADIGGNLRTSGNASHHLATLALGVNNSRNGARVVTLDNKNDEWIAAAGIGCYNPLEDLTQWSEVDSRLRIFGNNFQKRVHQIMCLPVNMCVPFHFIRGTVVQCGVIPGHNAMQMKAMWAPATTNSATQGDYAITYRLVARADGSVEVWVNVEMSNIANMRVILPEVRIAVQRLA,Enterobacter,0.5784045844042514,0.9989356,0.9616414,0.99935114,5,0.7224703578913424,8
2,16,round1_cand35,MN434096,Klebsiella,QFR57578.1,QFR57578.1,round2_cand124,Enterobacter,K260G;W329S;W373D;C535G,MGFYAGRIGDKKVLSLTSGNNKDVNNHTNPGWDTIFHSDMPHVVVLETHERDLWDGGDWYRCTRMPDRIIQVLSADYDRVVLTEVEFEDGTRRFIYGTSLGVGAKAYNAYFSNTVGSQASAGTMASMKTNVCASADLHMDVSFYFEETPGTINEKLRDGTGCMYTWGVNSEWGDRGPGPPVGAPIRPNFETIIKAGWVLYRGAFSGNIAGSVSPPNRPLTIGADAMRHPWMRTTGVNSICLRGETLNRNIYGHMGPRYGGGSNPVGGPYAHNIQTESYQEVQYKAGFFRGPPNNFMGWENTDNNNAGSGWGNNAIYRDNNFRVPKRVRSYITNMKYNGQGFYAENVFGSRNQEIKISPREFIVNGINLMNTGDKFINQNDINYSPGNRPDIRVIATNVARFNGDATIGNNGYTQFNQPLTRPDNSAEFGQGNVSAMHVTTVGVYNFRSDAQWYVKSNPPEIGNQWGPVWSEATRPLRLVGGTGSADIGGNLRTSGNASHHLATLNLGVNNSRNGACVVTLDWENDEWIAAAGIGGYNPLEDLTQWSEVDSRLRIFGNNFQKRVHQIMCLPVNMCVPFHFIRGTVVQCLVIPGHNAMQMKAMWAPATTNSATQGDYAITYWLVARADGSVEVWVNVEMSNIMNMRVILPEVRIAVQRLA,Enterobacter,0.5470840747417796,0.9993086,0.96086913,0.9995686,4,0.721097742593466,9
2,10,round1_cand52,MN434096,Klebsiella,QFR57578.1,QFR57578.1,round2_cand101,Enterobacter,W172T;G483Q;L504S,MGFYAGRIGDKKVLSLTSGNNKDVNNHTNPGWDTIFHSDMPHVVVLETHERDLWDGGDWYRCTRMPDRIIQVLSADYDRVVLTEVEFEDGTRRFIYGTSLGVGAKAYNAYFSNTVGSQASAGTMASMKTNVCASADLHMDVSFYFEETPGTINEKLRDGTGCMYTWGVNSETGDRGPGPPVGAPIRPNFETIIKAGWVLYRGAFSGNIAGSVSPPNRPLTIGADAMRHPWMRTTGVNSICLRGETLNRNIYGHMGPRYGKGSNPVGGPYAHNIQTESYQEVQYKAGFFRGPPNNFMGWENTDNNNAGSGWGNNAIYRDNNFRVPKRVRPYITNMNYNGQGFYAENVFGSRNQEIKISPREFIVNGINLMNTGWKFINQNDINYSPGNRPDIRVIATNVARFNGDATIGNNGYTQFNQPLTRPDNSAEFGQGNVSAMHVTTVGVYNFRSDAQWYVKSNPPEIGNQWGPVWSEATRPLRLVGGTQSADIGGNLRTSGNASHHLATSWLGVNNSRNGACVVTLDGKNDEWIAAAGIGCYNPLEDLTQWSEVDSRLRIFGNNFQKRVHQIMCLPVNMCVPFHFIRGTVVQCGVIPGHNAMQMKAMWAPATTNSATQGDYAITYWLVARADGSVEVWVNVEMSNIMNMRVILPEVRIAVQRLA,Enterobacter,0.5166735090306483,0.99931127,0.96085256,0.99971426,3,0.720677941887685,10
2,16,round1_cand35,MN434096,Klebsiella,QFR57578.1,QFR57578.1,round2_cand126,Enterobacter,E427N;W527R,MGFYAGRIGDKKVLSLTSGNNKDVNNHTNPGWDTIFHSDMPHVVVLETHERDLWDGGDWYRCTRMPDRIIQVLSADYDRVVLTEVEFEDGTRRFIYGTSLGVGAKAYNAYFSNTVGSQASAGTMASMKTNVCASADLHMDVSFYFEETPGTINEKLRDGTGCMYTWGVNSEWGDRGPGPPVGAPIRPNFETIIKAGWVLYRGAFSGNIAGSVSPPNRPLTIGADAMRHPWMRTTGVNSICLRGETLNRNIYGHMGPRYGKGSNPVGGPYAHNIQTESYQEVQYKAGFFRGPPNNFMGWENTDNNNAGSGWGNNAIYRDNNFRVPKRVRWYITNMKYNGQGFYAENVFGSRNQEIKISPREFIVNGINLMNTGWKFINQNDINYSPGNRPDIRVIATNVARFNGDATIGNNGYTQFNQPLTRPDNSANFGQGNVSAMHVTTVGVYNFRSDAQWYVKSNPPEIGNQWGPVWSEATRPLRLVGGTGSADIGGNLRTSGNASHHLATLNLGVNNSRNGACVVTLDWENDERIAAAGIGCYNPLEDLTQWSEVDSRLRIFGNNFQKRVHQIMCLPVNMCVPFHFIRGTVVQCLVIPGHNAMQMKAMWAPATTNSATQGDYAITYWLVARADGSVEVWVNVEMSNIMNMRVILPEVRIAVQRLA,Enterobacter,0.48613139787318305,0.9996894,0.95896494,0.9998553,2,0.7199212651848992,11
2,9,round1_cand3,MN434096,Klebsiella,QFR57578.1,QFR57578.1,round2_cand98,Enterobacter,I331S;W527T;C574R,MGFYAGRIGDKKVLSLTSGNNKDVNNHTNPGWDTIFHSDMPHVVVLETHERDLWDGGDWYRCTRMPDRIIQVLSADYDRVVLTEVEFEDGTRRFIYGTSLGVGAKAYNAYFSNTVGSQASAGTMASMKTNVCASADLHMDVSFYFEETPGTINEKLRDGTGCMYTWGVNSEWGDRGPGPPVGAPIRPNFETIIKAGWVLYRGAFSGNIAGSVSPPNRPLTIGADAMRHPWMRTTGVNSICLRGETLNRNIYGHMGPRYGKGSNPVGGPYAHNIQTESYQEVQYKAGFFRGPPNNFMGWENTDNNNAGSGWGNNAIYRDNNFRVPKRVRWYSTNMKYNGQGFYAENVFGSRNQEIKISPREFIVNGINLMNTGAKFINQNDINYSPGNRPDIRVIATNVARFNGDATIGNNGYTQFNQPLTRPDNSAEFGQGNVSAMHVTTVGVYNFRSDAQWYVKSNPPEIGNQWGPVWSEATRPLRLVGGTGSADIGGNLRTSGNASHHLATLWLGVNNSRNGACVVTLDSANDETIAAAGIGCYNPLEDLTQWSEVDSRLRIFGNNFQKRVHQIMCLPVNMRVPFHFIRGTVVQCGVIPGHNAMQMKAMWAPATTNSATQGDYAITYWLVARADGSVEVWVNVEMSNIMNMRVILPEVRIAVQRLA,Enterobacter,0.5154727537534592,0.9992635,0.9620291,0.99972844,3,0.7196434016130326,12
2,15,round1_cand51,MN434096,Klebsiella,QFR57578.1,QFR57578.1,round2_cand120,Enterobacter,C240T;L504S;R522S;M641S,MGFYAGRIGDKKVLSLTSGNNKDVNNHTNPGWDTIFHSDMPHVVVLETHERDLWDGGDWYRCTRMPDRIIQVLSADYDRVVLTEVEFEDGTRRFIYGTSLGVGAKAYNAYFSNTVGSQASAGTMASMKTNVCASADLHMDVSFYFEETPGTINEKLRDGTGCMYTWGVNSEWGDRGPGPPVGAPIRPNFETIIKAGWVLYRGAFSGNIAGSVSPPNRPLTIGADAMRHPWMRTTGVNSITLRGETLNRNIYGHMGPRYGKGSNPVGGPYAHNIQTESYQEVQYKAGFFRGPPNNFMGWENTDNNNAGSGWGNNAIYRDNNFRVPKRVRWYITNMKYNGQGFYAENVFGSRNQEIKISPREFIVNGINLMNTGDKFINQNDINYSPGNRPDIRVIATNVARFNGDATIGNNGYTQFNQPLTRPDNSAEFGQGNVSAMHVTTVGVYNFRSDAQWYVGSNPPEIGNQWGPVWSEATRPLRLVGGTGSADIGGNLRTSGNASHHLATSALGVNNSRNGARVVTLDSKNDEWIAAAGIGCYNPLEDLTQWSEVDSRLRIFGNNFQKRVHQIMCLPVNMCVPFHFIRGTVVQCGVIPGHNAMQMKAMWAPATTNSATQGDYAITYRLVARADGSVEVWVNVEMSNISNMRVILPEVRIAVQRLA,Enterobacter,0.54425024115054,0.9991218,0.96187395,0.99952674,4,0.718379370649737,13
2,1,round1_cand37,MN434096,Klebsiella,QFR57578.1,QFR57578.1,round2_cand65,Enterobacter,G286L;A529T,MGFYAGRIGDKKVLSLTSGNNKDVNNHTNPGWDTIFHSDMPHVVVLETHERDLWDGGDWYRCTRMPDRIIQVLSADYDRVVLTEVEFEDGTRRFIYGTSLGVGAKAYNAYFSNTVGSQASAGTMASMKTNVCASADLHMDVSFYFEETPGTINEKLRDGTGCMYTWGVNSEWGDRGPGPPVGAPIRPNFETIIKAGWVLYRGAFSGNIAGSVSPPNRPLTIGADAMRHPWMRTTGVNSICLRGETLNRNIYGHMGPRYGKGSNPVGGPYAHNIQTESYQEVQYKALFFRGPPNNFMGWENTDNNNAGSGWGNNAIYRDNNFRVPKRVRWYITNMKYNGQGFYAENVFGSRNQEIKISPREFIVNGINLMNTGDKFINQNDINYSPGNRPDIRVIATNVARFNGDATIGNNGYTQFNQPLTRPDNSAEFGQGNVSAMHVTTVGVYNFRSDAQWYVKSNPPEIGNQWGPVWSEATRPLRLVGGTGSADIGGNLRTSGNASHHLATLWLGVNNSRNGACVVTLDRKNDEWITAAGIGCYNPLEDLTQWSEVDSRLRIFGNNFQKRVHQIMCLPVNMCVPFHFIRGTVVQCGVIPGHNAMQMKAMWAPATTNSATQGDYAITYWLVARADGSVEVWVNVEMSNIMNMRVILPEVRIAVQRLA,Enterobacter,0.48447535154822596,0.9996793,0.959543,0.999858,2,0.718349768048556,14
2,14,round1_cand32,MN434096,Klebsiella,QFR57578.1,QFR57578.1,round2_cand119,Enterobacter,K260N;I331P;W373R;K374G;T505H,MGFYAGRIGDKKVLSLTSGNNKDVNNHTNPGWDTIFHSDMPHVVVLETHERDLWDGGDWYRCTRMPDRIIQVLSADYDRVVLTEVEFEDGTRRFIYGTSLGVGAKAYNAYFSNTVGSQASAGTMASMKTNVCASADLHMDVSFYFEETPGTINEKLRDGTGRMYTWGVNSERGDRGPGPPVGAPIRPNFETIIKAGWVLYRGAFSGNIAGSVSPPNRPLTIGADAMRHPWMRTTGVNSICLRGETLNRNIYGHMGPRYGNGSNPVGGPYAHNIQTESYQEVQYKAGFFRGPPNNFMGWENTDNNNAGSGWGNNAIYRDNNFRVPKRVRWYPTNMKYNGQGFYAENVFGSRNQEIKISPREFIVNGINLMNTGRGFINQNDINYSPGNRPDIRVIATNVARFNGDATIGNNGYTQFNQPLTRPDNSAEFGQGNVSAMHVTTVGVYNFRSDAQWYVKSNPPEIGNQWGPVWSEATRPLRLVGGTGSADIGGNLRTSGNASHHLATLHLGVNNSRNGACVGTLDWKNDEWIAAAGIGCYNPLEDLTQWSEVDSRLRIFGNNFQKRVHQIMCLPVNMCVPFHFIRGTVVQCGVIPGHNAMQMKAMWAPATTNSATQGDYAITYWLVARADGSVEVWVNVEMSNIMNMRVILPEVRIAVQRLA,Enterobacter,0.5743554262560593,0.99911594,0.9598607,0.9995167,5,0.7181818759185062,15
2,4,round1_cand2,MN434096,Klebsiella,QFR57578.1,QFR57578.1,round2_cand77,Enterobacter,S329T;C516N;W527V,MGFYAGRIGDKKVLSLTSGNNKDVNNHTNPGWDTIFHSDMPHVVVLETHERDLWDGGDWYRCTRMPDRIIQVLSADYDRVVLTEVEFEDGTRRFIYGTSLGVGAKAYNAYFSNTVGSQASAGTMASMKTNVCASADLHMDVSFYFEETPGTINEKLRDGTGCYYTWGVNSEYGDRGPGPPVGAPIRPNFETIIKAGWVLYRGAFSGNIAGSVSPPNRPLTIGADANRHPWMRTTGVNSICLRGETLNRNIYGHMGPRYGKGSNPVGGPYAHNIQTESYQEVQYKAGFFRGPPNNFMGWENTDNNNAGSGWGNNAIYRDNNFRVPKRVRTYITNMKYNGQGFYAENVFGSRNQEIKISPREFIVNGINLMNTGWKFINQNDINYSPGNRPDIRVIADNVARFNGDATIGNNGYTQFNQPLTRPDNSAEFGQGNVSAMHVTTVGVYNFRSDAQWYVKSNPPEIGNQWGPVWSEATRPLRLVGGTGSADIGGNLRTSGNASHHLATLRLGVNNSRNGANVVTLDWKNDEVIAAAGIGCYNPLEDLTQWSEVDSRLRIFGNNFQKRVHQIMCLPVNMCVPFHFIRGTVVQCGVIPGHNAMQMKAMWAPATTNSATQGDYAITYWLVARADGSVEVWVNVEMSNIMNMRVILPEVRIAVQRLA,Enterobacter,0.5109915407438225,0.9990599,0.9631448,0.99965745,3,0.7152923688728756,16
2,12,round1_cand11,MN434096,Klebsiella,QFR57578.1,QFR57578.1,round2_cand109,Enterobacter,K260G;W373D;S425F;W522N,MGFYAGRIGDKKVLSLTSGNNKDVNNHTNPGWDTIFHSDMPHVVVLETHERDLWDGGDWYRCTRMPDRIIQVLSADYDRVVLTEVEFEDGTRRFIYGTSLGVGAKAYNAYFSNTVGSQASAGTMASMKTNVCASADLHMDVSFYFEETPGTINEKLRDGTGCMYTWGVNSEWGDRGPGPPVGAPIRPNFETIIKAGWVLYRGAFSGNIAGSVSPPNRPLTIGADAMRHPWMRTTGVNSICLRGETLNRNIYGHMGPRYGGGSNPVGGPYAHNIQTESYQEVQYKAGDFRGPPNNFMGWENTDNNNAGSGWGNNAIYRDNNFRVPKRVRWYITNMKYNGQGFYAENVFGSRNQEIKISPREFIVNGINLMNTGDKFINQNDINYSPGNRPDIRVIATNVARFNGDATIGNNGYTQFNQPLTRPDNFAEFGQGNVSAMHVTTVGVYNFRSDAQWYVKSNPPEIGNQWGPVWSEATRPLRLVGGTGSADIGGNLRTSGNASHHLATLWLGVNNSRNGANVVTLDNKNDEWIAAAGIGCYNPLEDLTQWSEVDSRLRIFGNNFQKRVHQIMCLPVNMCVPFHFIRGTVVQCGVIPGHNAMQMKAMWAPATTNSATQGDYAITYWLVARADGSVEVWVNVEMSNIMNMRVILPEVRIAVQRLA,Enterobacter,0.540209720091438,0.99934864,0.960348,0.99965596,4,0.714148867235994,17
2,16,round1_cand35,MN434096,Klebsiella,QFR57578.1,QFR57578.1,round2_cand125,Enterobacter,K260G;A426F,MGFYAGRIGDKKVLSLTSGNNKDVNNHTNPGWDTIFHSDMPHVVVLETHERDLWDGGDWYRCTRMPDRIIQVLSADYDRVVLTEVEFEDGTRRFIYGTSLGVGAKAYNAYFSNTVGSQASAGTMASMKTNVCASADLHMDVSFYFEETPGTINEKLRDGTGCMYTWGVNSEWGDRGPGPPVGAPIRPNFETIIKAGWVLYRGAFSGNIAGSVSPPNRPLTIGADAMRHPWMRTTGVNSICLRGETLNRNIYGHMGPRYGGGSNPVGGPYAHNIQTESYQEVQYKAGFFRGPPNNFMGWENTDNNNAGSGWGNNAIYRDNNFRVPKRVRWYITNMKYNGQGFYAENVFGSRNQEIKISPREFIVNGINLMNTGWKFINQNDINYSPGNRPDIRVIATNVARFNGDATIGNNGYTQFNQPLTRPDNSFEFGQGNVSAMHVTTVGVYNFRSDAQWYVKSNPPEIGNQWGPVWSEATRPLRLVGGTGSADIGGNLRTSGNASHHLATLNLGVNNSRNGACVVTLDWENDEWIAAAGIGCYNPLEDLTQWSEVDSRLRIFGNNFQKRVHQIMCLPVNMCVPFHFIRGTVVQCLVIPGHNAMQMKAMWAPATTNSATQGDYAITYWLVARADGSVEVWVNVEMSNIMNMRVILPEVRIAVQRLA,Enterobacter,0.4800520203145643,0.999612,0.96037745,0.99985945,2,0.7140380614133974,18
2,6,round1_cand30,MN434096,Klebsiella,QFR57578.1,QFR57578.1,round2_cand84,Enterobacter,W329S;N333S;E427V;C516Q;W527S,MGFYAGRIGDKKVLSLTSGNNKDVNNHTNPGWDTIFHSDMPHVVVLETHERDLWDGGDWYRCTRMPDRIIQVLSADYDRVVLTEVEFEDGTRRFIYGTSLGVGAKAYNAYFSNTVGSQASAGTMASMKTNVCASADLHMDVSFYFEETPGTINEKLRDGTGCMYTWGVNSEWGDRGPGPPVGAPIRPNFETIIKAGWVLYRGAFSGNIAGSVSPPNRPLTIGADAMRHPWMRTTGVNSICLRGETLNRNIYGHMGPRYGKGSNPVGGPYAHNIQTESYQEVQYKAGFFRGPPNNFMGWENTDNNNAGSGWGNNAIYRDNNFRVPKRVRSYITSMKYNGQGFYAENVFGSRNQEIKISPREFIVNGINLMNTGTKFINQNDINYSPGNRPDIRVIATNVARFNGDATIGNNGYTQFNQPLTRPDNSAVFGQGNVSAMHVTTVGVYNFRSDAQWYVKSNPPEIGNQWGPVWSEATRPLRLVGGTGSADIGGNLRTSGNASHHLATLWLGVNNSRNGAQVVTLDRRNDESIAAAGIGCYNPLEDLTQWSEVDSRLRIFGNNFQKRVHQIMCLPVNMCVPFHFIRGTVVQCGVIPGHNAMQMKAMWAPATTNSATQGDYAITYWLVARADGSVEVWVNVEMSNIMNMRVILPEVRIAVQRLA,Enterobacter,0.5672257054888741,0.9991479,0.9618137,0.9995878,5,0.7113479543768898,19
2,2,round1_cand60,MN434096,Klebsiella,QFR57578.1,QFR57578.1,round2_cand68,Enterobacter,N557G;C574A,MGFYAGRIGDKKVLSLTSGNNKDVNNHTNPGWDTIFHSDMPHVVVLETHERDLWDGGDWYRCTRMPDRIIQVLSADYDRVVLTEVEFEDGTRRFIYGTSLGVGAKAYNAYFSNTVGSQASAGTMASMKTNVCASADLHMDVSFYFEETPGTINEKLRDGTGCMYTWGVNSEWGDRGPGPPVGAPIRPNFETIIKAGWVLYRGAFSGNIAGSVSPPNRPLTIGADAMRHPGMRTTGVNSICLRGETLNRNIYGHMGPRYGKGSNPVGGPYAHNIQTESYQEVQYKAGFFRGPPNNFMGWENTDNNNAGSGWGNNAIYRDNNFRVPKRVRWYITDMKYNGQGFYAENVFGSRNQEIKISPREFIVNGINLMNTGWKFINQNDINYSPGNRPDLRVIATNVARFNGDATIGNNGYTQFNQPLTRPDNSAEFGQGNVSAMHVTTVGVYNFRSDAQWYVKSNPPEIGNQGGPVWSEATRPLRLVGGTGSADIGGNLRTSGNASHHLATLWLGVNNSRNGACVVTLDWKNDEWIAAAGIGCYNPLEDLTQWSEVDSRLRIFGGNFQKRVHQIMCPPVNMAVPFHFIRGTVVQCGVIPGHNAMQMAAMWAPATTNSATQGDYAITYWLVARADGSVEVWVNVEMSNIMNMRVILPEVRIAVQRLA,Enterobacter,0.4770639692907138,0.9993025,0.9624499,0.99978566,2,0.7113026707534595,20
2,1,round1_cand37,MN434096,Klebsiella,QFR57578.1,QFR57578.1,round2_cand64,Enterobacter,V281G;N509T;K523D;W527N,MGFYAGRIGDKKVLSLTSGNNKDVNNHTNPGWDTIFHSDMPHVVVLETHERDLWDGGDWYRCTRMPDRIIQVLSADYDRVVLTEVEFEDGTRRFIYGTSLGVGAKAYNAYFSNTVGSQASAGTMASMKTNVCASADLHMDVSFYFEETPGTINEKLRDGTGCMYTWGVNSEWGDRGPGPPVGAPIRPNFETIIKAGWVLYRGAFSGNIAGSVSPPNRPLTIGADAMRHPWMRTTGVNSICLRGETLNRNIYGHMGPRYGKGSNPVGGPYAHNIQTESYQEGQYKAGFFRGPPNNFMGWENTDNNNAGSGWGNNAIYRDNNFRVPKRVRWYITNMKYNGQGFYAENVFGSRNQEIKISPREFIVNGINLMNTGDKFINQNDINYSPGNRPDIRVIATNVARFNGDATIGNNGYTQFNQPLTRPDNSAEFGQGNVSAMHVTTVGVYNFRSDAQWYVKSNPPEIGNQWGPVWSEATRPLRLVGGTGSADIGGNLRTSGNASHHLATLWLGVTNSRNGACVVTLDRDNDENIAAAGIGCYNPLEDLTQWSEVDSRLRIFGNNFQKRVHQIMCLPVNMCVPFHFIRGTVVQCGVIPGHNAMQMKAMWAPATTNSATQGDYAITYWLVARADGSVEVWVNVEMSNIMNMRVILPEVRIAVQRLA,Enterobacter,0.5368631226331682,0.9993255,0.9616007,0.9997574,4,0.7109804653138608,21
2,6,round1_cand30,MN434096,Klebsiella,QFR57578.1,QFR57578.1,round2_cand86,Enterobacter,N402G;W505R;R522N,MGFYAGRIGDKKVLSLTSGNNKDVNNHTNPGWDTIFHSDMPHVVVLETHERDLWDGGDWYRCTRMPDRIIQVLSADYDRVVLTEVEFEDGTRRFIYGTSLGVGAKAYNAYFSNTVGSQASAGTMASMKTNVCASADLHMDVSFYFEETPGTINEKLRDGTGCMYTWGVNSEWGDRGPGPPVGAPIRPNFETIIKAGWVLYRGAFSGNIAGSVSPPNRPLTIGADAMRHPWMRTTGVNSICLRGETLNRNIYGHMGPRYGKGSNPVGGPYAHNIQTESYQEVQYKAGFFRGPPNNFMGWENTDNNNAGSGWGNNAIYRDNNFRVPKRVRWYITNMKYNGQGFYAENVFGSRNQEIKISPREFIVNGINLMNTGTKFINQNDINYSPGNRPDIRVIATNVARFGGDATIGNNGYTQFNQPLTRPDNSAEFGQGNVSAMHVTTVGVYNFRSDAQWYVKSNPPEIGNQWGPVWSEATRPLRLVGGTGSADIGGNLRTSGNASHHLATLRLGVNNSRNGACVVTLDNRNDEWIAAAGIGCYNPLEDLTQWSEVDSRLRIFGNNFQKRVHQIMCLPVNMCVPFHFIRGTVVQCGVIPGHNAMQMKAMWAPATTNSATQGDYAITYWLVARADGSVEVWVNVEMSNIMNMRVILPEVRIAVQRLA,Enterobacter,0.5062718651253216,0.9993646,0.96157694,0.99980664,3,0.7103910071212285,22
2,10,round1_cand52,MN434096,Klebsiella,QFR57578.1,QFR57578.1,round2_cand103,Enterobacter,K260D;K374T;G522R,MGFYAGRIGDKKVLSLTSGNNKDVNNHTNPGWDTIFHSDMPHVVVLETHERDLWDGGDWYRCTRMPDRIIQVLSADYDRVVLTEVEFEDGTRRFIYGTSLGVGAKAYNAYFSNTVGSQASAGTMASMKTNVCASADLHMDVSFYFEETPGTINEKLRDGTGCMYTWGVNSEWGDRGPGPPVGAPIRPNFETIIKAGWVLYRGAFSGNIAGSVSPPNRPLTIGADAMRHPWMRTTGVNSICLRGETLNRNIYGHMGPRYGDGSNPVGGPYAHNIQTESYQEVQYKAGFFRGPPNNFMGWENTDNNNAGSGWGNNAIYRDNNFRVPKRVRPYITNMNYNGQGFYAENVFGSRNQEIKISPREFIVNGINLMNTGWTFINQNDINYSPGNRPDIRVIATNVARFNGDATIGNNGYTQFNQPLTRPDNSAEFGQGNVSAMHVTTVGVYNFRSDAQWYVKSNPPEIGNQWGPVWSEATRPLRLVGGTGSADIGGNLRTSGNASHHLATLWLGVNNSRNGACVVTLDRKNDEWIAAAGIGCYNPLEDLTQWSEVDSRLRIFGNNFQKRVHQIMCLPVNMCVPFHFIRGTVVQCGVIPGHNAMQMKAMWAPATTNSATQGDYAITYWLVARADGSVEVWVNVEMSNIMNMRVILPEVRIAVQRLA,Enterobacter,0.5059409553204792,0.99900115,0.96196556,0.9994922,3,0.7100614235197323,23
2,7,round1_cand61,MN434096,Klebsiella,QFR57578.1,QFR57578.1,round2_cand90,Enterobacter,K455S;W522P;S609T,MGFYAGRIGDKKVLSLTSGNNKDVNNHTNPGWDTIFHSDMPHVVVLETHERDLWDGGDWYRCTRMPDRIIQVLSADYDRVVLTEVEFEDGTRRFIYGTSLGVGAKAYNAYFSNTVGSQASAGTMASMKTNVCASADLHMDVSFYFEETPGTINEKLRDGTGCMYTWGVNSEWGDRGPGPPVGAPIRPNFETIIKAGWVLYRGAFSGNIAGSVSPPNRPLTIGADAMRHPWMRTTGVNSICLRGETLNRNIYGHMGPRYGTGSNPVGGPYAHNIQTESYQEVQYKAGFFRGPPNNFMGWENTDNNNAGSGWGNNAIYRDNNFRVPKRVRWYITNMKYNGQGFYAENVFGSRNQEIKISPREFIVNGINLMNTGNKFINQNDINYSPGNRPDIRVIATNVARFNGDATIGNNGYTQFNQPLTRPDNSAEFGQGNVSAMHVTTVGVYNFRSDAQWYVSSNPPEIGNQWGPVWSEATRPLRLVGGTGSADIGGNLRTSGNASHHLATLWLGVNNSRNGACVVTLDPKNDEWIAAAGIGCYNPLEDLTQWSEVDSRLRIFGNNFQKRVHQIMCLPVNMCVPFHFIRGTVVQCGVIPGHNAMQMKAMWAPATTNTATQGDYAITYWLVARADGSVEVWVNVEMSNIMNMRVILPEVRIAVQRLA,Enterobacter,0.5005805724980882,0.99960285,0.9598601,0.9998009,3,0.7044901184859327,24
2,3,round1_cand55,MN434096,Klebsiella,QFR57578.1,QFR57578.1,round2_cand75,Enterobacter,V236G;P329N,MGFYAGRIGDKKVLSLTSGNNKDVNNHTNPGWDTIFHSDMPHVVVLETHERDLWDGGDWYRCTRMPDRIIQVLSADYDRVVLTEVEFEDGTRRFIYGTSLGVGAKAYNAYFSNTVGSQASAGTMASMKTNVCASADLHMDVSFYFEETPGTINEKLRDGTGCMYTWGVNSEWGDRGPGPPVGAPIRPNFETIIKAGWVLYRGAFSGNIAGNVSPPNRPLTIGADAMRHPWMRTTGGNSICLRGETLNRNIYGHMGPRYGKGSNPVGGPYAHNIQTESYQEVQYKAGFFRGPPNNFMGWENTDNNNAGSGWGNNAIYRDNNFRVPKRVRNYITNMKYNGQGFYAENVFGSRNQELKISPREFIVNGINLMNTGWKFINQNDINYSPGNRPDIRVIATNVARFNGDATIGNNGYTQFNQPLTRPDNSAEFGQGNVSAMHVTTVGVYNFRSDAQWYVKSNPPEIGNQWGPVWSEATRPLRLVGGTGSADIGGNLRTSGNASHHLATLWLGVNNSRNGACVVTLDWKNDEWIAAAGIGCYNPLEDLTQWSEVDSRLRIFGNNFQKRVHQIMCLPVNMCVPFHFIRGTRVQCGVIPGHNAMQMKAMWAPATTNSATQGDYASTYWLVARADGSVEVWVNVEMSNIMNMRVILPNVRIAVQRLA,Enterobacter,0.4699823920197401,0.9993283,0.96093726,0.9998184,2,0.7039977437026415,25
2,5,round1_cand59,MN434096,Klebsiella,QFR57578.1,QFR57578.1,round2_cand80,Enterobacter,S511A;W522G,MGFYAGRIGDKKVLSLTSGNNKDVNNHTNPGWDTIFHSDMPHVVVLETHERDLWDGGDWYRCTRMPDRIIQVLSADYDRVVLTEVEFEDGTRRFIYGTSLGVGAKAYNAYFSNTVGSQASAGTMASMKTNVCASADLHMDVSFYFEETPGTINEKLRDGTGCMYTWGVNSEWGDRGPGPPVGAPIRPNFETIIKAGWVLYRGAFSGNIAGSVSPPNRPLTIGADAMRHPWMRTTGVNSICLRGETLNRNIYGHMGPRYGKGGNPVGGPYAHNIQTESYQEVQYKAGFFRGPPNNFMGWENTDNNNAGSGWGNNAIYRDNNFRVPKRVRGYITNAKYNGQGFYAENVFGSRNQEIKISPREFIVNGINLMNTGWTFINQNDINYSPGNRPDIRVIATNVARFNGDATIGNNGYTQFNQPLTRPDNSAEFGQGNVSAMHVTTVGVYNFRSDAQWYVKSNPPEIGNQWGPVWSEATRPLRLVGGTGSADIGGNLRTSGNASHHLATLWLGVNNARNGACVVTLDGDNDEWIAAAGIGCYNPLEDLTQWSEVDSRLRIFGNNFQKRVHQIMCLPVNMCVPFHFPRGTVVQCGVIPGHNAMQMKAMWAPATTNSATQGDYAITYWLVARADGSVEVWVNVEMSNIMNMRVILPEVRIAVQRLA,Enterobacter,0.4693492235002595,0.99924517,0.9620554,0.99979055,2,0.7035170475897865,26
2,9,round1_cand3,MN434096,Klebsiella,QFR57578.1,QFR57578.1,round2_cand99,Enterobacter,C162A;W329P;A373G;W527R;I554N,MGFYAGRIGDKKVLSLTSGNNKDVNNHTNPGWDTIFHSDMPHVVVLETHERDLWDGGDWYRCTRMPDRIIQVLSADYDRVVLTEVEFEDGTRRFIYGTSLGVGAKAYNAYFSNTVGSQASAGTMASMKTNVCASADLHMDVSFYFEETPGTINEKLRDGTGAMYTWGVNSEWGDRGPGPPVGAPIRPNFETIIKAGWVLYRGAFSGNIAGSVSPPNRPLTIGADAMRHPWMRTTGVNSICLRGETLNRNIYGHMGPRYGKGSNPVGGPYAHNIQTESYQEVQYKAGFFRGPPNNFMGWENTDNNNAGSGWGNNAIYRDNNFRVPKRVRPYITNMKYNGQGFYAENVFGSRNQEIKISPREFIVNGINLMNTGGKFINQNDINYSPGNRPDIRVIATNVARFNGDATIGNNGYTQFNQPLTRPDNSAEFGQGNVSAMHVTTVGVYNFRSDAQWYVKSNPPEIGNQWGPVWSEATRPLRLVGGTGSADIGGNLRTSGNASHHLATLWLGVNNSRNGACVVTLDSANDERIAAAGIGCYNPLEDLTQWSEVDSRLRNFGNNFQKRVHQIMCLPVNMCVPFHFIRGTVVQCGVIPGHNAMQMKAMWAPATTNSATQGDYAITYWLVARADGSVEVWVNVEMSNIMNMRVILPEVRIAVQRLA,Enterobacter,0.5582976378255353,0.99945295,0.9591327,0.99960977,5,0.7020776554697022,27
2,5,round1_cand59,MN434096,Klebsiella,QFR57578.1,QFR57578.1,round2_cand82,Enterobacter,K260T;C516A;W527A,MGFYAGRIGDKKVLSLTSGNNKDVNNHTNPGWDTIFHSDMPHVVVLETHERDLWDGGDWYRCTRMPDRIIQVLSADYDRVVLTEVEFEDGTRRFIYGTSLGVGAKAYNAYFSNTVGSQASAGTMASMKTNVCASADLHMDVSFYFEETPGTINEKLRDGTGCMYTWGVNSEWGDRGPGPPVGAPIRPNFETIIKAGWVLYRGAFSGNIAGSVSPPNRPLTIGADAMRHPWMRTTGVNSICLRGETLNRNIYGHMGPRYGTGGNPVGGPYAHNIQTESYQEVQYKAGFFRGPPNNFMGWENTDNNNAGSGWGNNAIYRDNNFRVPKRVRGYITNAKYNGQGFYAENVFGSRNQEIKISPREFIVNGINLMNTGWTFINQNDINYSPGNRPDIRVIATNVARFNGDATIGNNGYTQFNQPLTRPDNSAEFGQGNVSAMHVTTVGVYNFRSDAQWYVKSNPPEIGNQWGPVWSEATRPLRLVGGTGSADIGGNLRTSGNASHHLATLWLGVNNSRNGAAVVTLDWDNDEAIAAAGIGCYNPLEDLTQWSEVDSRLRIFGNNFQKRVHQIMCLPVNMCVPFHFPRGTVVQCGVIPGHNAMQMKAMWAPATTNSATQGDYAITYWLVARADGSVEVWVNVEMSNIMNMRVILPEVRIAVQRLA,Enterobacter,0.48797887061524087,0.9991747,0.96248287,0.9996939,3,0.6922015533297031,28
2,9,round1_cand3,MN434096,Klebsiella,QFR57578.1,QFR57578.1,round2_cand97,Enterobacter,W329T;K374A;W505A;C516Q;I617S,MGFYAGRIGDKKVLSLTSGNNKDVNNHTNPGWDTIFHSDMPHVVVLETHERDLWDGGDWYRCTRMPDRIIQVLSADYDRVVLTEVEFEDGTRRFIYGTSLGVGAKAYNAYFSNTVGSQASAGTMASMKTNVCASADLHMDVSFYFEETPGTINEKLRDGTGCMYTWGVNSEWGDRGPGPPVGAPIRPNFETIIKAGWVLYRGAFSGNIAGSVSPPNRPLTIGADAMRHPWMRTTGVNSICLRGETLNRNIYGHMGPRYGKGSNPVGGPYAHNIQTESYQEVQYKAGFFRGPPNNFMGWENTDNNNAGSGWGNNAIYRDNNFRVPKRVRTYITNMKYNGQGFYAENVFGSRNQEIKISPREFIVNGINLMNTGAAFINQNDINYSPGNRPDIRVIATNVARFNGDATIGNNGYTQFNQPLTRPDNSAEFGQGNVSAMHVTTVGVYNFRSDAQWYVKSNPPEIGNQWGPVWSEATRPLRLVGGTGSADIGGNLRTSGNASHHLATLALGVNNSRNGAQVVTLDSANDEWIAAAGIGCYNPLEDLTQWSEVDSRLRIFGNNFQKRVHQIMCLPVNMCVPFHFIRGTVVQCGVIPGHNAMQMKAMWAPATTNSATQGDYASTYWLVARADGSVEVWVNVEMSNIMNMRVILPEVRIAVQRLA,Enterobacter,0.5479775726231032,0.99910283,0.96243024,0.9995944,5,0.6921829513641291,29
2,10,round1_cand52,MN434096,Klebsiella,QFR57578.1,QFR57578.1,round2_cand100,Enterobacter,W373D;G522P;K523R;K561P;C574S,MGFYAGRIGDKKVLSLTSGNNKDVNNHTNPGWDTIFHSDMPHVVVLETHERDLWDGGDWYRCTRMPDRIIQVLSADYDRVVLTEVEFEDGTRRFIYGTSLGVGAKAYNAYFSNTVGSQASAGTMASMKTNVCASADLHMDVSFYFEETPGTINEKLRDGTGCMYTWGVNSEWGDRGPGPPVGAPIRPNFETIIKAGWVLYRGAFSGNIAGSVSPPNRPLTIGADAMRHPWMRTTGVNSICLRGETLNRNIYGHMGPRYGKGSNPVGGPYAHNIQTESYQEVQYKAGFFRGPPNNFMGWENTDNNNAGSGWGNNAIYRDNNFRVPKRVRPYITNMNYNGQGFYAENVFGSRNQEIKISPREFIVNGINLMNTGDKFINQNDINYSPGNRPDIRVIATNVARFNGDATIGNNGYTQFNQPLTRPDNSAEFGQGNVSAMHVTTVGVYNFRSDAQWYVKSNPPEIGNQWGPVWSEATRPLRLVGGTGSADIGGNLRTSGNASHHLATLWLGVNNSRNGACVVTLDPRNDEWIAAAGIGCYNPLEDLTQWSEVDSRLRIFGNNFQPRVHQIMCLPVNMSVPFHFIRGTVVQCGVIPGHNAMQMKAMWAPATTNSATQGDYAITYWLVARADGSVEVWVNVEMSNIMNMRVILPEVRIAVQRLA,Enterobacter,0.5473044209197778,0.99901986,0.96160567,0.999416,5,0.6913784533754606,30
2,3,round1_cand55,MN434096,Klebsiella,QFR57578.1,QFR57578.1,round2_cand74,Enterobacter,K374I;W465T;W505S;W522T;W527S,MGFYAGRIGDKKVLSLTSGNNKDVNNHTNPGWDTIFHSDMPHVVVLETHERDLWDGGDWYRCTRMPDRIIQVLSADYDRVVLTEVEFEDGTRRFIYGTSLGVGAKAYNAYFSNTVGSQASAGTMASMKTNVCASADLHMDVSFYFEETPGTINEKLRDGTGCMYTWGVNSEWGDRGPGPPVGAPIRPNFETIIKAGWVLYRGAFSGNIAGNVSPPNRPLTIGADAMRHPWMRTTGVNSICLRGETLNRNIYGHMGPRYGKGSNPVGGPYAHNIQTESYQEVQYKAGFFRGPPNNFMGWENTDNNNAGSGWGNNAIYRDNNFRVPKRVRPYITNMKYNGQGFYAENVFGSRNQELKISPREFIVNGINLMNTGWIFINQNDINYSPGNRPDIRVIATNVARFNGDATIGNNGYTQFNQPLTRPDNSAEFGQGNVSAMHVTTVGVYNFRSDAQWYVKSNPPEIGNQTGPVWSEATRPLRLVGGTGSADIGGNLRTSGNASHHLATLSLGVNNSRNGACVVTLDTKNDESIAAAGIGCYNPLEDLTQWSEVDSRLRIFGNNFQKRVHQIMCLPVNMCVPFHFIRGTRVQCGVIPGHNAMQMKAMWAPATTNSATQGDYASTYWLVARADGSVEVWVNVEMSNIMNMRVILPNVRIAVQRLA,Enterobacter,0.5470398603272214,0.99899316,0.9628294,0.9995761,5,0.6912841087472215,31
2,11,round1_cand49,MN434096,Klebsiella,QFR57578.1,QFR57578.1,round2_cand105,Enterobacter,S425T;K523T,MGFYAGRIGDKKVLSLTSGNNKDVNNHTNPGWDTIFHSDMPHVVVLETHERDLWDGGDWYRCTRMPDRIIQVLSADYDRVVLTEVEFEDGTRRFIYGTSLGVGAKAYNAYFSNTVGSQASAGTMASMKTNVCASADLHMDVSFYFEETPGTINEKLRDGTGCMYTWGVNSEWGDRGPGPPVGAPIRPNFETIIKAGWVLYRGAFSGNIAGSVSPPNRPLTIGADAMRHPWMRTTGVNSICLRGETLNRNIYGHMGPRYGKGSNPVGGPYAHNIQTESYQEVQYKAGFFRGPPNNFMGWENTDNNNAGSGWGNNAIYRDNNFRVPKRVRWYITNMKYNGQGFYAENVFGSRNQEIKISPREFIVNGINLMNTGWKFINQNDINYSPGNRPDIRVIATNVARFNGDATIGNNGYTQFNQPLTRPDNTAEFGQGNVSAMHVTTVGVYNFRSDAQWYVKSNPPEIGNQWGPVWSEATRPLRLVGGTGSADIGGNLRTSGNASHHLATLWLGVNNSRNGASVVTLDVTNDEWIAAAGIGCYNPLEDLTQWSEVDSRLRIFGNNFQKRVHQIMCLPVNMCVPFHFIRGTVVQCGVIPGHNAMQMKAMWAPATTNSATQGDYAITYWLVARADGSVEVWVNVEMSNIMNMRVILPEVRIAVQRLA,Enterobacter,0.45717338041882377,0.9997057,0.9592023,0.99991125,2,0.6909993122659193,32
2,3,round1_cand55,MN434096,Klebsiella,QFR57578.1,QFR57578.1,round2_cand73,Enterobacter,W310D;P329A;W465V;W505Q,MGFYAGRIGDKKVLSLTSGNNKDVNNHTNPGWDTIFHSDMPHVVVLETHERDLWDGGDWYRCTRMPDRIIQVLSADYDRVVLTEVEFEDGTRRFIYGTSLGVGAKAYNAYFSNTVGSQASAGTMASMKTNVCASADLHMDVSFYFEETPGTINEKLRDGTGCMYTWGVNSEWGDRGPGPPVGAPIRPNFETIIKAGWVLYRGAFSGNIAGNVSPPNRPLTIGADAMRHPWMRTTGVNSICLRGETLNRNIYGHMGPRYGKGSNPVGGPYAHNIQTESYQEVQYKAGFFRGPPNNFMGWENTDNNNAGSGDGNNAIYRDNNFRVPKRVRAYITNMKYNGQGFYAENVFGSRNQELKISPREFIVNGINLMNTGWKFINQNDINYSPGNRPDIRVIATNVARFNGDATIGNNGYTQFNQPLTRPDNSAEFGQGNVSAMHVTTVGVYNFRSDAQWYVKSNPPEIGNQVGPVWSEATRPLRLVGGTGSADIGGNLRTSGNASHHLATLQLGVNNSRNGACVVTLDWKNDEWIAAAGIGCYNPLEDLTQWSEVDSRLRIFGNNFQKRVHQIMCLPVNMCVPFHFIRGTRVQCGVIPGHNAMQMKAMWAPATTNSATQGDYASTYWLVARADGSVEVWVNVEMSNIMNMRVILPNVRIAVQRLA,Enterobacter,0.5157648837799087,0.9993131,0.96167624,0.9997631,4,0.6898907946282878,33
2,11,round1_cand49,MN434096,Klebsiella,QFR57578.1,QFR57578.1,round2_cand104,Enterobacter,W230N;K374N;W527A;E649P,MGFYAGRIGDKKVLSLTSGNNKDVNNHTNPGWDTIFHSDMPHVVVLETHERDLWDGGDWYRCTRMPDRIIQVLSADYDRVVLTEVEFEDGTRRFIYGTSLGVGAKAYNAYFSNTVGSQASAGTMASMKTNVCASADLHMDVSFYFEETPGTINEKLRDGTGCMYTWGVNSEWGDRGPGPPVGAPIRPNFETIIKAGWVLYRGAFSGNIAGSVSPPNRPLTIGADAMRHPNMRTTGVNSICLRGETLNRNIYGHMGPRYGKGSNPVGGPYAHNIQTESYQEVQYKAGFFRGPPNNFMGWENTDNNNAGSGWGNNAIYRDNNFRVPKRVRWYITNMKYNGQGFYAENVFGSRNQEIKISPREFIVNGINLMNTGWNFINQNDINYSPGNRPDIRVIATNVARFNGDATIGNNGYTQFNQPLTRPDNSAEFGQGNVSAMHVTTVGVYNFRSDAQWYVKSNPPEIGNQWGPVWSEATRPLRLVGGTGSADIGGNLRTSGNASHHLATLWLGVNNSRNGASVVTLDVKNDEAIAAAGIGCYNPLEDLTQWSEVDSRLRIFGNNFQKRVHQIMCLPVNMCVPFHFIRGTVVQCGVIPGHNAMQMKAMWAPATTNSATQGDYAITYWLVARADGSVEVWVNVEMSNIMNMRVILPPVRIAVQRLA,Enterobacter,0.5091908260623248,0.99952936,0.96039957,0.9998091,4,0.6831661830285819,34
2,1,round1_cand37,MN434096,Klebsiella,QFR57578.1,QFR57578.1,round2_cand66,Enterobacter,W172G;Y251V;D373A;K523R,MGFYAGRIGDKKVLSLTSGNNKDVNNHTNPGWDTIFHSDMPHVVVLETHERDLWDGGDWYRCTRMPDRIIQVLSADYDRVVLTEVEFEDGTRRFIYGTSLGVGAKAYNAYFSNTVGSQASAGTMASMKTNVCASADLHMDVSFYFEETPGTINEKLRDGTGCMYTWGVNSEGGDRGPGPPVGAPIRPNFETIIKAGWVLYRGAFSGNIAGSVSPPNRPLTIGADAMRHPWMRTTGVNSICLRGETLNRNIVGHMGPRYGKGSNPVGGPYAHNIQTESYQEVQYKAGFFRGPPNNFMGWENTDNNNAGSGWGNNAIYRDNNFRVPKRVRWYITNMKYNGQGFYAENVFGSRNQEIKISPREFIVNGINLMNTGAKFINQNDINYSPGNRPDIRVIATNVARFNGDATIGNNGYTQFNQPLTRPDNSAEFGQGNVSAMHVTTVGVYNFRSDAQWYVKSNPPEIGNQWGPVWSEATRPLRLVGGTGSADIGGNLRTSGNASHHLATLWLGVNNSRNGACVVTLDRRNDEWIAAAGIGCYNPLEDLTQWSEVDSRLRIFGNNFQKRVHQIMCLPVNMCVPFHFIRGTVVQCGVIPGHNAMQMKAMWAPATTNSATQGDYAITYWLVARADGSVEVWVNVEMSNIMNMRVILPEVRIAVQRLA,Enterobacter,0.5092019141988573,0.99954563,0.9600167,0.99983054,4,0.6831220325605688,35
2,2,round1_cand60,MN434096,Klebsiella,QFR57578.1,QFR57578.1,round2_cand71,Enterobacter,W329E;D333P;S425Y;W505T;W527V;C568V,MGFYAGRIGDKKVLSLTSGNNKDVNNHTNPGWDTIFHSDMPHVVVLETHERDLWDGGDWYRCTRMPDRIIQVLSADYDRVVLTEVEFEDGTRRFIYGTSLGVGAKAYNAYFSNTVGSQASAGTMASMKTNVCASADLHMDVSFYFEETPGTINEKLRDGTGCMYTWGVNSEWGDRGPGPPVGAPIRPNFETIIKAGWVLYRGAFSGNIAGSVSPPNRPLTIGADAMRHPGMRTTGVNSICLRGETLNRNIYGHMGPRYGKGSNPVGGPYAHNIQTESYQEVQYKAGFFRGPPNNFMGWENTDNNNAGSGWGNNAIYRDNNFRVPKRVREYITPMKYNGQGFYAENVFGSRNQEIKISPREFIVNGINLMNTGWKFINQNDINYSPGNRPDLRVIATNVARFNGDATIGNNGYTQFNQPLTRPDNYAEFGQGNVSAMHVTTVGVYNFRSDAQWYVKSNPPEIGNQGGPVWSEATRPLRLVGGTGSADIGGNLRTSGNASHHLATLTLGVNNSRNGACVVTLDWKNDEVIAAAGIGCYNPLEDLTQWSEVDSRLRIFGNNFQKRVHQIMVPPVNMCVPFHFIRGTVVQCGVIPGHNAMQMAAMWAPATTNSATQGDYAITYWLVARADGSVEVWVNVEMSNIMNMRVILPEVRIAVQRLA,Enterobacter,0.5674419444764359,0.99916047,0.9620377,0.999578,6,0.6816008017922146,36
2,7,round1_cand61,MN434096,Klebsiella,QFR57578.1,QFR57578.1,round2_cand91,Enterobacter,S425N;K561D;E649N,MGFYAGRIGDKKVLSLTSGNNKDVNNHTNPGWDTIFHSDMPHVVVLETHERDLWDGGDWYRCTRMPDRIIQVLSADYDRVVLTEVEFEDGTRRFIYGTSLGVGAKAYNAYFSNTVGSQASAGTMASMKTNVCASADLHMDVSFYFEETPGTINEKLRDGTGCMYTWGVNSEWGDRGPGPPVGAPIRPNFETIIKAGWVLYRGAFSGNIAGSVSPPNRPLTIGADAMRHPWMRTTGVNSICLRGETLNRNIYGHMGPRYGTGSNPVGGPYAHNIQTESYQEVQYKAGFFRGPPNNFMGWENTDNNNAGSGWGNNAIYRDNNFRVPKRVRWYITNMKYNGQGFYAENVFGSRNQEIKISPREFIVNGINLMNTGNKFINQNDINYSPGNRPDIRVIATNVARFNGDATIGNNGYTQFNQPLTRPDNNAEFGQGNVSAMHVTTVGVYNFRSDAQWYVKSNPPEIGNQWGPVWSEATRPLRLVGGTGSADIGGNLRTSGNASHHLATLWLGVNNSRNGACVVTLDWKNDEWIAAAGIGCYNPLEDLTQWSEVDSRLRIFGNNFQDRVHQIMCLPVNMCVPFHFIRGTVVQCGVIPGHNAMQMKAMWAPATTNSATQGDYAITYWLVARADGSVEVWVNVEMSNIMNMRVILPNVRIAVQRLA,Enterobacter,0.47627999680620986,0.9994737,0.9608678,0.9998052,3,0.6803146603940186,37
2,14,round1_cand32,MN434096,Klebsiella,QFR57578.1,QFR57578.1,round2_cand118,Enterobacter,R172V;P179T;G255D;W522T,MGFYAGRIGDKKVLSLTSGNNKDVNNHTNPGWDTIFHSDMPHVVVLETHERDLWDGGDWYRCTRMPDRIIQVLSADYDRVVLTEVEFEDGTRRFIYGTSLGVGAKAYNAYFSNTVGSQASAGTMASMKTNVCASADLHMDVSFYFEETPGTINEKLRDGTGRMYTWGVNSEVGDRGPGTPVGAPIRPNFETIIKAGWVLYRGAFSGNIAGSVSPPNRPLTIGADAMRHPWMRTTGVNSICLRGETLNRNIYGHMDPRYGKGSNPVGGPYAHNIQTESYQEVQYKAGFFRGPPNNFMGWENTDNNNAGSGWGNNAIYRDNNFRVPKRVRWYITNMKYNGQGFYAENVFGSRNQEIKISPREFIVNGINLMNTGWKFINQNDINYSPGNRPDIRVIATNVARFNGDATIGNNGYTQFNQPLTRPDNSAEFGQGNVSAMHVTTVGVYNFRSDAQWYVKSNPPEIGNQWGPVWSEATRPLRLVGGTGSADIGGNLRTSGNASHHLATLTLGVNNSRNGACVGTLDTKNDEWIAAAGIGCYNPLEDLTQWSEVDSRLRIFGNNFQKRVHQIMCLPVNMCVPFHFIRGTVVQCGVIPGHNAMQMKAMWAPATTNSATQGDYAITYWLVARADGSVEVWVNVEMSNIMNMRVILPEVRIAVQRLA,Enterobacter,0.49982243750636085,0.9994507,0.96070075,0.99981153,4,0.6738271199578475,38
2,11,round1_cand49,MN434096,Klebsiella,QFR57578.1,QFR57578.1,round2_cand106,Enterobacter,A195S;E540A,MGFYAGRIGDKKVLSLTSGNNKDVNNHTNPGWDTIFHSDMPHVVVLETHERDLWDGGDWYRCTRMPDRIIQVLSADYDRVVLTEVEFEDGTRRFIYGTSLGVGAKAYNAYFSNTVGSQASAGTMASMKTNVCASADLHMDVSFYFEETPGTINEKLRDGTGCMYTWGVNSEWGDRGPGPPVGAPIRPNFETIIKSGWVLYRGAFSGNIAGSVSPPNRPLTIGADAMRHPWMRTTGVNSICLRGETLNRNIYGHMGPRYGKGSNPVGGPYAHNIQTESYQEVQYKAGFFRGPPNNFMGWENTDNNNAGSGWGNNAIYRDNNFRVPKRVRWYITNMKYNGQGFYAENVFGSRNQEIKISPREFIVNGINLMNTGWKFINQNDINYSPGNRPDIRVIATNVARFNGDATIGNNGYTQFNQPLTRPDNSAEFGQGNVSAMHVTTVGVYNFRSDAQWYVKSNPPEIGNQWGPVWSEATRPLRLVGGTGSADIGGNLRTSGNASHHLATLWLGVNNSRNGASVVTLDVKNDEWIAAAGIGCYNPLADLTQWSEVDSRLRIFGNNFQKRVHQIMCLPVNMCVPFHFIRGTVVQCGVIPGHNAMQMKAMWAPATTNSATQGDYAITYWLVARADGSVEVWVNVEMSNIMNMRVILPEVRIAVQRLA,Enterobacter,0.4389129999222512,0.9996486,0.96014583,0.99993896,2,0.6728676479997391,39
2,4,round1_cand2,MN434096,Klebsiella,QFR57578.1,QFR57578.1,round2_cand76,Enterobacter,K260V;S329G;R505D;I533G,MGFYAGRIGDKKVLSLTSGNNKDVNNHTNPGWDTIFHSDMPHVVVLETHERDLWDGGDWYRCTRMPDRIIQVLSADYDRVVLTEVEFEDGTRRFIYGTSLGVGAKAYNAYFSNTVGSQASAGTMASMKTNVCASADLHMDVSFYFEETPGTINEKLRDGTGCYYTWGVNSEYGDRGPGPPVGAPIRPNFETIIKAGWVLYRGAFSGNIAGSVSPPNRPLTIGADANRHPWMRTTGVNSICLRGETLNRNIYGHMGPRYGVGSNPVGGPYAHNIQTESYQEVQYKAGFFRGPPNNFMGWENTDNNNAGSGWGNNAIYRDNNFRVPKRVRGYITNMKYNGQGFYAENVFGSRNQEIKISPREFIVNGINLMNTGWKFINQNDINYSPGNRPDIRVIADNVARFNGDATIGNNGYTQFNQPLTRPDNSAEFGQGNVSAMHVTTVGVYNFRSDAQWYVKSNPPEIGNQWGPVWSEATRPLRLVGGTGSADIGGNLRTSGNASHHLATLDLGVNNSRNGACVVTLDWKNDEWIAAAGGGCYNPLEDLTQWSEVDSRLRIFGNNFQKRVHQIMCLPVNMCVPFHFIRGTVVQCGVIPGHNAMQMKAMWAPATTNSATQGDYAITYWLVARADGSVEVWVNVEMSNIMNMRVILPEVRIAVQRLA,Enterobacter,0.49843541826392,0.9990997,0.9625277,0.999611,4,0.6726539584555704,40
2,4,round1_cand2,MN434096,Klebsiella,QFR57578.1,QFR57578.1,round2_cand79,Enterobacter,A183Q;W197Q;K260D;W373L;W522P;W620E,MGFYAGRIGDKKVLSLTSGNNKDVNNHTNPGWDTIFHSDMPHVVVLETHERDLWDGGDWYRCTRMPDRIIQVLSADYDRVVLTEVEFEDGTRRFIYGTSLGVGAKAYNAYFSNTVGSQASAGTMASMKTNVCASADLHMDVSFYFEETPGTINEKLRDGTGCYYTWGVNSEYGDRGPGPPVGQPIRPNFETIIKAGQVLYRGAFSGNIAGSVSPPNRPLTIGADANRHPWMRTTGVNSICLRGETLNRNIYGHMGPRYGDGSNPVGGPYAHNIQTESYQEVQYKAGFFRGPPNNFMGWENTDNNNAGSGWGNNAIYRDNNFRVPKRVRSYITNMKYNGQGFYAENVFGSRNQEIKISPREFIVNGINLMNTGLKFINQNDINYSPGNRPDIRVIADNVARFNGDATIGNNGYTQFNQPLTRPDNSAEFGQGNVSAMHVTTVGVYNFRSDAQWYVKSNPPEIGNQWGPVWSEATRPLRLVGGTGSADIGGNLRTSGNASHHLATLRLGVNNSRNGACVVTLDPKNDEWIAAAGIGCYNPLEDLTQWSEVDSRLRIFGNNFQKRVHQIMCLPVNMCVPFHFIRGTVVQCGVIPGHNAMQMKAMWAPATTNSATQGDYAITYELVARADGSVEVWVNVEMSNIMNMRVILPEVRIAVQRLA,Enterobacter,0.5547376445459482,0.9989289,0.9637375,0.9994809,6,0.6691100168751833,41
2,11,round1_cand49,MN434096,Klebsiella,QFR57578.1,QFR57578.1,round2_cand107,Enterobacter,W329P;W373L;K455T;L501P,MGFYAGRIGDKKVLSLTSGNNKDVNNHTNPGWDTIFHSDMPHVVVLETHERDLWDGGDWYRCTRMPDRIIQVLSADYDRVVLTEVEFEDGTRRFIYGTSLGVGAKAYNAYFSNTVGSQASAGTMASMKTNVCASADLHMDVSFYFEETPGTINEKLRDGTGCMYTWGVNSEWGDRGPGPPVGAPIRPNFETIIKAGWVLYRGAFSGNIAGSVSPPNRPLTIGADAMRHPWMRTTGVNSICLRGETLNRNIYGHMGPRYGKGSNPVGGPYAHNIQTESYQEVQYKAGFFRGPPNNFMGWENTDNNNAGSGWGNNAIYRDNNFRVPKRVRPYITNMKYNGQGFYAENVFGSRNQEIKISPREFIVNGINLMNTGLKFINQNDINYSPGNRPDIRVIATNVARFNGDATIGNNGYTQFNQPLTRPDNSAEFGQGNVSAMHVTTVGVYNFRSDAQWYVTSNPPEIGNQWGPVWSEATRPLRLVGGTGSADIGGNLRTSGNASHHPATLWLGVNNSRNGASVVTLDVKNDEWIAAAGIGCYNPLEDLTQWSEVDSRLRIFGNNFQKRVHQIMCLPVNMCVPFHFIRGTVVQCGVIPGHNAMQMKAMWAPATTNSATQGDYAITYWLVARADGSVEVWVNVEMSNIMNMRVILPEVRIAVQRLA,Enterobacter,0.4939041609760353,0.9995587,0.9597002,0.9997907,4,0.6677814049717018,42
2,12,round1_cand11,MN434096,Klebsiella,QFR57578.1,QFR57578.1,round2_cand111,Enterobacter,G243N;I331A;W373D;K374I;W527G,MGFYAGRIGDKKVLSLTSGNNKDVNNHTNPGWDTIFHSDMPHVVVLETHERDLWDGGDWYRCTRMPDRIIQVLSADYDRVVLTEVEFEDGTRRFIYGTSLGVGAKAYNAYFSNTVGSQASAGTMASMKTNVCASADLHMDVSFYFEETPGTINEKLRDGTGCMYTWGVNSEWGDRGPGPPVGAPIRPNFETIIKAGWVLYRGAFSGNIAGSVSPPNRPLTIGADAMRHPWMRTTGVNSICLRNETLNRNIYGHMGPRYGKGSNPVGGPYAHNIQTESYQEVQYKAGDFRGPPNNFMGWENTDNNNAGSGWGNNAIYRDNNFRVPKRVRWYATNMKYNGQGFYAENVFGSRNQEIKISPREFIVNGINLMNTGDIFINQNDINYSPGNRPDIRVIATNVARFNGDATIGNNGYTQFNQPLTRPDNSAEFGQGNVSAMHVTTVGVYNFRSDAQWYVKSNPPEIGNQWGPVWSEATRPLRLVGGTGSADIGGNLRTSGNASHHLATLWLGVNNSRNGANVVTLDWKNDEGIAAAGIGCYNPLEDLTQWSEVDSRLRIFGNNFQKRVHQIMCLPVNMCVPFHFIRGTVVQCGVIPGHNAMQMKAMWAPATTNSATQGDYAITYWLVARADGSVEVWVNVEMSNIMNMRVILPEVRIAVQRLA,Enterobacter,0.5224634469516253,0.99892795,0.96382314,0.9996226,5,0.6668413885898565,43
2,2,round1_cand60,MN434096,Klebsiella,QFR57578.1,QFR57578.1,round2_cand70,Enterobacter,W329F;L391V;K523T;W527S;V633A,MGFYAGRIGDKKVLSLTSGNNKDVNNHTNPGWDTIFHSDMPHVVVLETHERDLWDGGDWYRCTRMPDRIIQVLSADYDRVVLTEVEFEDGTRRFIYGTSLGVGAKAYNAYFSNTVGSQASAGTMASMKTNVCASADLHMDVSFYFEETPGTINEKLRDGTGCMYTWGVNSEWGDRGPGPPVGAPIRPNFETIIKAGWVLYRGAFSGNIAGSVSPPNRPLTIGADAMRHPGMRTTGVNSICLRGETLNRNIYGHMGPRYGKGSNPVGGPYAHNIQTESYQEVQYKAGFFRGPPNNFMGWENTDNNNAGSGWGNNAIYRDNNFRVPKRVRFYITDMKYNGQGFYAENVFGSRNQEIKISPREFIVNGINLMNTGWKFINQNDINYSPGNRPDVRVIATNVARFNGDATIGNNGYTQFNQPLTRPDNSAEFGQGNVSAMHVTTVGVYNFRSDAQWYVKSNPPEIGNQGGPVWSEATRPLRLVGGTGSADIGGNLRTSGNASHHLATLWLGVNNSRNGACVVTLDWTNDESIAAAGIGCYNPLEDLTQWSEVDSRLRIFGNNFQKRVHQIMCPPVNMCVPFHFIRGTVVQCGVIPGHNAMQMAAMWAPATTNSATQGDYAITYWLVARADGSVEVWANVEMSNIMNMRVILPEVRIAVQRLA,Enterobacter,0.5216406053242298,0.99945354,0.96030307,0.99967116,5,0.6655932380196663,44
2,6,round1_cand30,MN434096,Klebsiella,QFR57578.1,QFR57578.1,round2_cand87,Enterobacter,G202A;G290V;I354A;C568P,MGFYAGRIGDKKVLSLTSGNNKDVNNHTNPGWDTIFHSDMPHVVVLETHERDLWDGGDWYRCTRMPDRIIQVLSADYDRVVLTEVEFEDGTRRFIYGTSLGVGAKAYNAYFSNTVGSQASAGTMASMKTNVCASADLHMDVSFYFEETPGTINEKLRDGTGCMYTWGVNSEWGDRGPGPPVGAPIRPNFETIIKAGWVLYRAAFSGNIAGSVSPPNRPLTIGADAMRHPWMRTTGVNSICLRGETLNRNIYGHMGPRYGKGSNPVGGPYAHNIQTESYQEVQYKAGFFRVPPNNFMGWENTDNNNAGSGWGNNAIYRDNNFRVPKRVRWYITNMKYNGQGFYAENVFGSRNQEAKISPREFIVNGINLMNTGTKFINQNDINYSPGNRPDIRVIATNVARFNGDATIGNNGYTQFNQPLTRPDNSAEFGQGNVSAMHVTTVGVYNFRSDAQWYVKSNPPEIGNQWGPVWSEATRPLRLVGGTGSADIGGNLRTSGNASHHLATLWLGVNNSRNGACVVTLDRRNDEWIAAAGIGCYNPLEDLTQWSEVDSRLRIFGNNFQKRVHQIMPLPVNMCVPFHFIRGTVVQCGVIPGHNAMQMKAMWAPATTNSATQGDYAITYWLVARADGSVEVWVNVEMSNIMNMRVILPEVRIAVQRLA,Enterobacter,0.49096617022333916,0.9993452,0.96202755,0.99969697,4,0.6651544983106691,45
2,3,round1_cand55,MN434096,Klebsiella,QFR57578.1,QFR57578.1,round2_cand72,Enterobacter,W373I;K523A;Q544T;G588A,MGFYAGRIGDKKVLSLTSGNNKDVNNHTNPGWDTIFHSDMPHVVVLETHERDLWDGGDWYRCTRMPDRIIQVLSADYDRVVLTEVEFEDGTRRFIYGTSLGVGAKAYNAYFSNTVGSQASAGTMASMKTNVCASADLHMDVSFYFEETPGTINEKLRDGTGCMYTWGVNSEWGDRGPGPPVGAPIRPNFETIIKAGWVLYRGAFSGNIAGNVSPPNRPLTIGADAMRHPWMRTTGVNSICLRGETLNRNIYGHMGPRYGKGSNPVGGPYAHNIQTESYQEVQYKAGFFRGPPNNFMGWENTDNNNAGSGWGNNAIYRDNNFRVPKRVRPYITNMKYNGQGFYAENVFGSRNQELKISPREFIVNGINLMNTGIKFINQNDINYSPGNRPDIRVIATNVARFNGDATIGNNGYTQFNQPLTRPDNSAEFGQGNVSAMHVTTVGVYNFRSDAQWYVKSNPPEIGNQWGPVWSEATRPLRLVGGTGSADIGGNLRTSGNASHHLATLWLGVNNSRNGACVVTLDWANDEWIAAAGIGCYNPLEDLTTWSEVDSRLRIFGNNFQKRVHQIMCLPVNMCVPFHFIRGTRVQCAVIPGHNAMQMKAMWAPATTNSATQGDYASTYWLVARADGSVEVWVNVEMSNIMNMRVILPNVRIAVQRLA,Enterobacter,0.49072405640071615,0.99960595,0.95881987,0.9998001,4,0.6644782242555021,46
2,12,round1_cand11,MN434096,Klebsiella,QFR57578.1,QFR57578.1,round2_cand108,Enterobacter,R421L;H437Q;W522N;K599V,MGFYAGRIGDKKVLSLTSGNNKDVNNHTNPGWDTIFHSDMPHVVVLETHERDLWDGGDWYRCTRMPDRIIQVLSADYDRVVLTEVEFEDGTRRFIYGTSLGVGAKAYNAYFSNTVGSQASAGTMASMKTNVCASADLHMDVSFYFEETPGTINEKLRDGTGCMYTWGVNSEWGDRGPGPPVGAPIRPNFETIIKAGWVLYRGAFSGNIAGSVSPPNRPLTIGADAMRHPWMRTTGVNSICLRGETLNRNIYGHMGPRYGKGSNPVGGPYAHNIQTESYQEVQYKAGDFRGPPNNFMGWENTDNNNAGSGWGNNAIYRDNNFRVPKRVRWYITNMKYNGQGFYAENVFGSRNQEIKISPREFIVNGINLMNTGWKFINQNDINYSPGNRPDIRVIATNVARFNGDATIGNNGYTQFNQPLTLPDNSAEFGQGNVSAMQVTTVGVYNFRSDAQWYVKSNPPEIGNQWGPVWSEATRPLRLVGGTGSADIGGNLRTSGNASHHLATLWLGVNNSRNGANVVTLDNKNDEWIAAAGIGCYNPLEDLTQWSEVDSRLRIFGNNFQKRVHQIMCLPVNMCVPFHFIRGTVVQCGVIPGHNAMQMVAMWAPATTNSATQGDYAITYWLVARADGSVEVWVNVEMSNIMNMRVILPEVRIAVQRLA,Enterobacter,0.4894966610989461,0.99956346,0.95986426,0.99980927,4,0.6633985329887757,47
2,8,round1_cand54,MN434096,Klebsiella,QFR57578.1,QFR57578.1,round2_cand92,Enterobacter,K335T;I354T;I391A;W505N;K561G,MGFYAGRIGDKKVLSLTSGNNKDVNNHTNPGWDTIFHSDMPHVVVLETHERDLWDGGDWYRCTRMPDRIIQVLSADYDRVVLTEVEFEDGTRRFIYGTSLGVGAKAYNAYFSNTVGSQASAGTMASMKTNVCASADLHMDVSFYFEETPGTINEKLRDGTGRMYTWGVNSEWGDRGPGPPVGAPIRPNFETIIKAGWVLYRGAFSGNIAGSVSPPNRPLTIGADAMRHPWMRTTGVNSICLRGETLNRNIYGHMGPRYGKGSNPVGGPYAHNIQTESYQEVQYKAGFFRGPPNNFMGWENTDNNNAGSGWGNNAIYRDNNFRVPKRVRWYITNMTYNGQGFYAENVFGSRNQETKISPREFIVNGINLMNTGWKFINQNDINYSPGNRPDARVIATNVARFNGDATIGNNGYTQFNQPLTRPDNSAEFGQGNVSAMHVTTVGVYNFRSDAQWYVKSNPPEIGNQWGPVWSEATRPLRLVGGTGSADIGGNLRTSGNASHHLATLNLGVNNSRNGACVVTLDRKNDEWIAAAGIGCYNPLEDLTQWSEVDSRLRIFGNNFQGRVHQIMCLPVNMCVPFHFIRGTVVQCGVIPGHNAMQMKAMWAPATTNSATQGDYAITYWLVARADGSVEVWVNVEMSNIMNMRVILPEVRIAVQRLA,Enterobacter,0.5181764239929698,0.99914706,0.9618566,0.99966323,5,0.6623011725507758,48
2,13,round1_cand33,MN434096,Klebsiella,QFR57578.1,QFR57578.1,round2_cand112,Enterobacter,W172T;K260S;W373I;C535R,MGFYAGRIGDKKVLSLTSGNNKDVNNHTNPGWDTIFHSDMPHVVVLETHERDLWDGGDWYRCTRMPDRIIQVLSADYDRVVLTEVEFEDGTRRFIYGTSLGVGAKAYNAYFSNTVGSQASAGTMASMKTNVCASADLHMDVSFYFEETPGTINEKLRDGTGCMYTWGVNSETGDRGPGPPVGAPIRPNFETIIKAGWVLYRGAFSGNIAGSVSPPNRPLTIGADAMRHPWMRTTGVNSICLRGETLNRNIYGHMGPRYGSGSNPVGGPYAHNIQTESYQEVQYKAGFFRGPPNNFMGWENTDNNNAGSGWGNNAIYRDNNFRVPKRVREYITNMKYNGQGFYAENVFGSRNQEIKISPREFIVNGINLMNTGIKFINQNDINYSPGNRPDIRVIATNVARFNGDATIGNNGYTQFNQPLTRPDNSAEFGQGNVSAMHVTTVGVYNFRSDAQWYVKSNPPEIGNQWGPVWSEATRPLRLVGGTGSADIGGNLRTSGNASHHLATLWLGVNNSRNGACVVTLDWKNDEWIAAAGIGRYNPLEDLTQWSEVDSRLRIFGNNFQKRVHQIMCLPVNMCVPFHFIRGTVVQCGVIPGHNAMQMKAMWAPVTTNSATQGDYAITYWLVARADGSVEVWVNVEMSNIMNMRVILPEVRIAVQRLA,Enterobacter,0.4855935864254802,0.9994645,0.96154267,0.99976814,4,0.6597294959530203,49
2,6,round1_cand30,MN434096,Klebsiella,QFR57578.1,QFR57578.1,round2_cand85,Enterobacter,G202A;W329E;T371D;C516Q;K561L,MGFYAGRIGDKKVLSLTSGNNKDVNNHTNPGWDTIFHSDMPHVVVLETHERDLWDGGDWYRCTRMPDRIIQVLSADYDRVVLTEVEFEDGTRRFIYGTSLGVGAKAYNAYFSNTVGSQASAGTMASMKTNVCASADLHMDVSFYFEETPGTINEKLRDGTGCMYTWGVNSEWGDRGPGPPVGAPIRPNFETIIKAGWVLYRAAFSGNIAGSVSPPNRPLTIGADAMRHPWMRTTGVNSICLRGETLNRNIYGHMGPRYGKGSNPVGGPYAHNIQTESYQEVQYKAGFFRGPPNNFMGWENTDNNNAGSGWGNNAIYRDNNFRVPKRVREYITNMKYNGQGFYAENVFGSRNQEIKISPREFIVNGINLMNDGTKFINQNDINYSPGNRPDIRVIATNVARFNGDATIGNNGYTQFNQPLTRPDNSAEFGQGNVSAMHVTTVGVYNFRSDAQWYVKSNPPEIGNQWGPVWSEATRPLRLVGGTGSADIGGNLRTSGNASHHLATLWLGVNNSRNGAQVVTLDRRNDEWIAAAGIGCYNPLEDLTQWSEVDSRLRIFGNNFQLRVHQIMCLPVNMCVPFHFIRGTVVQCGVIPGHNAMQMKAMWAPATTNSATQGDYAITYWLVARADGSVEVWVNVEMSNIMNMRVILPEVRIAVQRLA,Enterobacter,0.5144720973087661,0.99946344,0.9594885,0.999595,5,0.6583083146823756,50
2,14,round1_cand32,MN434096,Klebsiella,QFR57578.1,QFR57578.1,round2_cand117,Enterobacter,W197N;W329P;T505H;C568G;G588N;A605S,MGFYAGRIGDKKVLSLTSGNNKDVNNHTNPGWDTIFHSDMPHVVVLETHERDLWDGGDWYRCTRMPDRIIQVLSADYDRVVLTEVEFEDGTRRFIYGTSLGVGAKAYNAYFSNTVGSQASAGTMASMKTNVCASADLHMDVSFYFEETPGTINEKLRDGTGRMYTWGVNSERGDRGPGPPVGAPIRPNFETIIKAGNVLYRGAFSGNIAGSVSPPNRPLTIGADAMRHPWMRTTGVNSICLRGETLNRNIYGHMGPRYGKGSNPVGGPYAHNIQTESYQEVQYKAGFFRGPPNNFMGWENTDNNNAGSGWGNNAIYRDNNFRVPKRVRPYITNMKYNGQGFYAENVFGSRNQEIKISPREFIVNGINLMNTGWKFINQNDINYSPGNRPDIRVIATNVARFNGDATIGNNGYTQFNQPLTRPDNSAEFGQGNVSAMHVTTVGVYNFRSDAQWYVKSNPPEIGNQWGPVWSEATRPLRLVGGTGSADIGGNLRTSGNASHHLATLHLGVNNSRNGACVGTLDWKNDEWIAAAGIGCYNPLEDLTQWSEVDSRLRIFGNNFQKRVHQIMGLPVNMCVPFHFIRGTVVQCNVIPGHNAMQMKAMWAPSTTNSATQGDYAITYWLVARADGSVEVWVNVEMSNIMNMRVILPEVRIAVQRLA,Enterobacter,0.5415789638958378,0.99932957,0.9592303,0.9995891,6,0.6553499849639339,51
2,10,round1_cand52,MN434096,Klebsiella,QFR57578.1,QFR57578.1,round2_cand102,Enterobacter,C162Y;W230L;V236T;W373D;C574N;A605I,MGFYAGRIGDKKVLSLTSGNNKDVNNHTNPGWDTIFHSDMPHVVVLETHERDLWDGGDWYRCTRMPDRIIQVLSADYDRVVLTEVEFEDGTRRFIYGTSLGVGAKAYNAYFSNTVGSQASAGTMASMKTNVCASADLHMDVSFYFEETPGTINEKLRDGTGYMYTWGVNSEWGDRGPGPPVGAPIRPNFETIIKAGWVLYRGAFSGNIAGSVSPPNRPLTIGADAMRHPLMRTTGTNSICLRGETLNRNIYGHMGPRYGKGSNPVGGPYAHNIQTESYQEVQYKAGFFRGPPNNFMGWENTDNNNAGSGWGNNAIYRDNNFRVPKRVRPYITNMNYNGQGFYAENVFGSRNQEIKISPREFIVNGINLMNTGDKFINQNDINYSPGNRPDIRVIATNVARFNGDATIGNNGYTQFNQPLTRPDNSAEFGQGNVSAMHVTTVGVYNFRSDAQWYVKSNPPEIGNQWGPVWSEATRPLRLVGGTGSADIGGNLRTSGNASHHLATLWLGVNNSRNGACVVTLDGKNDEWIAAAGIGCYNPLEDLTQWSEVDSRLRIFGNNFQKRVHQIMCLPVNMNVPFHFIRGTVVQCGVIPGHNAMQMKAMWAPITTNSATQGDYAITYWLVARADGSVEVWVNVEMSNIMNMRVILPEVRIAVQRLA,Enterobacter,0.538994651380139,0.99883854,0.96359813,0.99941254,6,0.6533314620881849,52
2,7,round1_cand61,MN434096,Klebsiella,QFR57578.1,QFR57578.1,round2_cand89,Enterobacter,C162V;W505A;C516R;W527D;A529P;C568G,MGFYAGRIGDKKVLSLTSGNNKDVNNHTNPGWDTIFHSDMPHVVVLETHERDLWDGGDWYRCTRMPDRIIQVLSADYDRVVLTEVEFEDGTRRFIYGTSLGVGAKAYNAYFSNTVGSQASAGTMASMKTNVCASADLHMDVSFYFEETPGTINEKLRDGTGVMYTWGVNSEWGDRGPGPPVGAPIRPNFETIIKAGWVLYRGAFSGNIAGSVSPPNRPLTIGADAMRHPWMRTTGVNSICLRGETLNRNIYGHMGPRYGTGSNPVGGPYAHNIQTESYQEVQYKAGFFRGPPNNFMGWENTDNNNAGSGWGNNAIYRDNNFRVPKRVRWYITNMKYNGQGFYAENVFGSRNQEIKISPREFIVNGINLMNTGNKFINQNDINYSPGNRPDIRVIATNVARFNGDATIGNNGYTQFNQPLTRPDNSAEFGQGNVSAMHVTTVGVYNFRSDAQWYVKSNPPEIGNQWGPVWSEATRPLRLVGGTGSADIGGNLRTSGNASHHLATLALGVNNSRNGARVVTLDWKNDEDIPAAGIGCYNPLEDLTQWSEVDSRLRIFGNNFQKRVHQIMGLPVNMCVPFHFIRGTVVQCGVIPGHNAMQMKAMWAPATTNSATQGDYAITYWLVARADGSVEVWVNVEMSNIMNMRVILPEVRIAVQRLA,Enterobacter,0.5378209587215319,0.9990792,0.9623268,0.9995261,6,0.6520095326780215,53
2,13,round1_cand33,MN434096,Klebsiella,QFR57578.1,QFR57578.1,round2_cand115,Enterobacter,K335A;E427R;A529P;C574D;W632Q,MGFYAGRIGDKKVLSLTSGNNKDVNNHTNPGWDTIFHSDMPHVVVLETHERDLWDGGDWYRCTRMPDRIIQVLSADYDRVVLTEVEFEDGTRRFIYGTSLGVGAKAYNAYFSNTVGSQASAGTMASMKTNVCASADLHMDVSFYFEETPGTINEKLRDGTGCMYTWGVNSEWGDRGPGPPVGAPIRPNFETIIKAGWVLYRGAFSGNIAGSVSPPNRPLTIGADAMRHPWMRTTGVNSICLRGETLNRNIYGHMGPRYGKGSNPVGGPYAHNIQTESYQEVQYKAGFFRGPPNNFMGWENTDNNNAGSGWGNNAIYRDNNFRVPKRVREYITNMAYNGQGFYAENVFGSRNQEIKISPREFIVNGINLMNTGWKFINQNDINYSPGNRPDIRVIATNVARFNGDATIGNNGYTQFNQPLTRPDNSARFGQGNVSAMHVTTVGVYNFRSDAQWYVKSNPPEIGNQWGPVWSEATRPLRLVGGTGSADIGGNLRTSGNASHHLATLWLGVNNSRNGACVVTLDWKNDEWIPAAGIGCYNPLEDLTQWSEVDSRLRIFGNNFQKRVHQIMCLPVNMDVPFHFIRGTVVQCGVIPGHNAMQMKAMWAPVTTNSATQGDYAITYWLVARADGSVEVQVNVEMSNIMNMRVILPEVRIAVQRLA,Enterobacter,0.5067541354187494,0.99902236,0.9636671,0.99964786,5,0.6511262805052762,54
2,16,round1_cand35,MN434096,Klebsiella,QFR57578.1,QFR57578.1,round2_cand127,Enterobacter,R248N;I487G;L504T;W620E,MGFYAGRIGDKKVLSLTSGNNKDVNNHTNPGWDTIFHSDMPHVVVLETHERDLWDGGDWYRCTRMPDRIIQVLSADYDRVVLTEVEFEDGTRRFIYGTSLGVGAKAYNAYFSNTVGSQASAGTMASMKTNVCASADLHMDVSFYFEETPGTINEKLRDGTGCMYTWGVNSEWGDRGPGPPVGAPIRPNFETIIKAGWVLYRGAFSGNIAGSVSPPNRPLTIGADAMRHPWMRTTGVNSICLRGETLNNNIYGHMGPRYGKGSNPVGGPYAHNIQTESYQEVQYKAGFFRGPPNNFMGWENTDNNNAGSGWGNNAIYRDNNFRVPKRVRWYITNMKYNGQGFYAENVFGSRNQEIKISPREFIVNGINLMNTGWKFINQNDINYSPGNRPDIRVIATNVARFNGDATIGNNGYTQFNQPLTRPDNSAEFGQGNVSAMHVTTVGVYNFRSDAQWYVKSNPPEIGNQWGPVWSEATRPLRLVGGTGSADGGGNLRTSGNASHHLATTNLGVNNSRNGACVVTLDWENDEWIAAAGIGCYNPLEDLTQWSEVDSRLRIFGNNFQKRVHQIMCLPVNMCVPFHFIRGTVVQCLVIPGHNAMQMKAMWAPATTNSATQGDYAITYELVARADGSVEVWVNVEMSNIMNMRVILPEVRIAVQRLA,Enterobacter,0.4645878598456341,0.9993958,0.9541455,0.998958,4,0.6376409392421204,55
2,1,round1_cand37,MN434096,Klebsiella,QFR57578.1,QFR57578.1,round2_cand67,Enterobacter,G202A;K374T;N509G;R522T;K523D,MGFYAGRIGDKKVLSLTSGNNKDVNNHTNPGWDTIFHSDMPHVVVLETHERDLWDGGDWYRCTRMPDRIIQVLSADYDRVVLTEVEFEDGTRRFIYGTSLGVGAKAYNAYFSNTVGSQASAGTMASMKTNVCASADLHMDVSFYFEETPGTINEKLRDGTGCMYTWGVNSEWGDRGPGPPVGAPIRPNFETIIKAGWVLYRAAFSGNIAGSVSPPNRPLTIGADAMRHPWMRTTGVNSICLRGETLNRNIYGHMGPRYGKGSNPVGGPYAHNIQTESYQEVQYKAGFFRGPPNNFMGWENTDNNNAGSGWGNNAIYRDNNFRVPKRVRWYITNMKYNGQGFYAENVFGSRNQEIKISPREFIVNGINLMNTGDTFINQNDINYSPGNRPDIRVIATNVARFNGDATIGNNGYTQFNQPLTRPDNSAEFGQGNVSAMHVTTVGVYNFRSDAQWYVKSNPPEIGNQWGPVWSEATRPLRLVGGTGSADIGGNLRTSGNASHHLATLWLGVGNSRNGACVVTLDTDNDEWIAAAGIGCYNPLEDLTQWSEVDSRLRIFGNNFQKRVHQIMCLPVNMCVPFHFIRGTVVQCGVIPGHNAMQMKAMWAPATTNSATQGDYAITYWLVARADGSVEVWVNVEMSNIMNMRVILPEVRIAVQRLA,Enterobacter,0.492305579526941,0.9995316,0.95975745,0.999694,5,0.6361908328967492,56
2,13,round1_cand33,MN434096,Klebsiella,QFR57578.1,QFR57578.1,round2_cand113,Enterobacter,W310F;W373A;E427Y;K561L,MGFYAGRIGDKKVLSLTSGNNKDVNNHTNPGWDTIFHSDMPHVVVLETHERDLWDGGDWYRCTRMPDRIIQVLSADYDRVVLTEVEFEDGTRRFIYGTSLGVGAKAYNAYFSNTVGSQASAGTMASMKTNVCASADLHMDVSFYFEETPGTINEKLRDGTGCMYTWGVNSEWGDRGPGPPVGAPIRPNFETIIKAGWVLYRGAFSGNIAGSVSPPNRPLTIGADAMRHPWMRTTGVNSICLRGETLNRNIYGHMGPRYGKGSNPVGGPYAHNIQTESYQEVQYKAGFFRGPPNNFMGWENTDNNNAGSGFGNNAIYRDNNFRVPKRVREYITNMKYNGQGFYAENVFGSRNQEIKISPREFIVNGINLMNTGAKFINQNDINYSPGNRPDIRVIATNVARFNGDATIGNNGYTQFNQPLTRPDNSAYFGQGNVSAMHVTTVGVYNFRSDAQWYVKSNPPEIGNQWGPVWSEATRPLRLVGGTGSADIGGNLRTSGNASHHLATLWLGVNNSRNGACVVTLDWKNDEWIAAAGIGCYNPLEDLTQWSEVDSRLRIFGNNFQLRVHQIMCLPVNMCVPFHFIRGTVVQCGVIPGHNAMQMKAMWAPVTTNSATQGDYAITYWLVARADGSVEVWVNVEMSNIMNMRVILPEVRIAVQRLA,Enterobacter,0.46165043147274515,0.9991813,0.96387404,0.9997401,4,0.6360807879454758,57
2,9,round1_cand3,MN434096,Klebsiella,QFR57578.1,QFR57578.1,round2_cand96,Enterobacter,K335E;K374V;K455D;A523S;I617L,MGFYAGRIGDKKVLSLTSGNNKDVNNHTNPGWDTIFHSDMPHVVVLETHERDLWDGGDWYRCTRMPDRIIQVLSADYDRVVLTEVEFEDGTRRFIYGTSLGVGAKAYNAYFSNTVGSQASAGTMASMKTNVCASADLHMDVSFYFEETPGTINEKLRDGTGCMYTWGVNSEWGDRGPGPPVGAPIRPNFETIIKAGWVLYRGAFSGNIAGSVSPPNRPLTIGADAMRHPWMRTTGVNSICLRGETLNRNIYGHMGPRYGKGSNPVGGPYAHNIQTESYQEVQYKAGFFRGPPNNFMGWENTDNNNAGSGWGNNAIYRDNNFRVPKRVRWYITNMEYNGQGFYAENVFGSRNQEIKISPREFIVNGINLMNTGAVFINQNDINYSPGNRPDIRVIATNVARFNGDATIGNNGYTQFNQPLTRPDNSAEFGQGNVSAMHVTTVGVYNFRSDAQWYVDSNPPEIGNQWGPVWSEATRPLRLVGGTGSADIGGNLRTSGNASHHLATLWLGVNNSRNGACVVTLDSSNDEWIAAAGIGCYNPLEDLTQWSEVDSRLRIFGNNFQKRVHQIMCLPVNMCVPFHFIRGTVVQCGVIPGHNAMQMKAMWAPATTNSATQGDYALTYWLVARADGSVEVWVNVEMSNIMNMRVILPEVRIAVQRLA,Enterobacter,0.47892743450163505,0.9992995,0.9617342,0.9996754,5,0.6230637053823341,58
2,8,round1_cand54,MN434096,Klebsiella,QFR57578.1,QFR57578.1,round2_cand95,Enterobacter,G309I;K455N;R522S;W527N;I617V,MGFYAGRIGDKKVLSLTSGNNKDVNNHTNPGWDTIFHSDMPHVVVLETHERDLWDGGDWYRCTRMPDRIIQVLSADYDRVVLTEVEFEDGTRRFIYGTSLGVGAKAYNAYFSNTVGSQASAGTMASMKTNVCASADLHMDVSFYFEETPGTINEKLRDGTGRMYTWGVNSEWGDRGPGPPVGAPIRPNFETIIKAGWVLYRGAFSGNIAGSVSPPNRPLTIGADAMRHPWMRTTGVNSICLRGETLNRNIYGHMGPRYGKGSNPVGGPYAHNIQTESYQEVQYKAGFFRGPPNNFMGWENTDNNNAGSIWGNNAIYRDNNFRVPKRVRWYITNMKYNGQGFYAENVFGSRNQEIKISPREFIVNGINLMNTGWKFINQNDINYSPGNRPDIRVIATNVARFNGDATIGNNGYTQFNQPLTRPDNSAEFGQGNVSAMHVTTVGVYNFRSDAQWYVNSNPPEIGNQWGPVWSEATRPLRLVGGTGSADIGGNLRTSGNASHHLATLWLGVNNSRNGACVVTLDSKNDENIAAAGIGCYNPLEDLTQWSEVDSRLRIFGNNFQKRVHQIMCLPVNMCVPFHFIRGTVVQCGVIPGHNAMQMKAMWAPATTNSATQGDYAVTYWLVARADGSVEVWVNVEMSNIMNMRVILPEVRIAVQRLA,Enterobacter,0.4756745778320621,0.9993055,0.96238726,0.9998065,5,0.6199034445284198,59
2,13,round1_cand33,MN434096,Klebsiella,QFR57578.1,QFR57578.1,round2_cand114,Enterobacter,E329G;W505S;C568G;V605S,MGFYAGRIGDKKVLSLTSGNNKDVNNHTNPGWDTIFHSDMPHVVVLETHERDLWDGGDWYRCTRMPDRIIQVLSADYDRVVLTEVEFEDGTRRFIYGTSLGVGAKAYNAYFSNTVGSQASAGTMASMKTNVCASADLHMDVSFYFEETPGTINEKLRDGTGCMYTWGVNSEWGDRGPGPPVGAPIRPNFETIIKAGWVLYRGAFSGNIAGSVSPPNRPLTIGADAMRHPWMRTTGVNSICLRGETLNRNIYGHMGPRYGKGSNPVGGPYAHNIQTESYQEVQYKAGFFRGPPNNFMGWENTDNNNAGSGWGNNAIYRDNNFRVPKRVRGYITNMKYNGQGFYAENVFGSRNQEIKISPREFIVNGINLMNTGWKFINQNDINYSPGNRPDIRVIATNVARFNGDATIGNNGYTQFNQPLTRPDNSAEFGQGNVSAMHVTTVGVYNFRSDAQWYVKSNPPEIGNQWGPVWSEATRPLRLVGGTGSADIGGNLRTSGNASHHLATLSLGVNNSRNGACVVTLDWKNDEWIAAAGIGCYNPLEDLTQWSEVDSRLRIFGNNFQKRVHQIMGLPVNMCVPFHFIRGTVVQCGVIPGHNAMQMKAMWAPSTTNSATQGDYAITYWLVARADGSVEVWVNVEMSNIMNMRVILPEVRIAVQRLA,Enterobacter,0.4447055183082564,0.99939835,0.9622524,0.9998865,4,0.6189287300139411,60
2,8,round1_cand54,MN434096,Klebsiella,QFR57578.1,QFR57578.1,round2_cand93,Enterobacter,R162Y;E427I;K561N;C574A;C587T,MGFYAGRIGDKKVLSLTSGNNKDVNNHTNPGWDTIFHSDMPHVVVLETHERDLWDGGDWYRCTRMPDRIIQVLSADYDRVVLTEVEFEDGTRRFIYGTSLGVGAKAYNAYFSNTVGSQASAGTMASMKTNVCASADLHMDVSFYFEETPGTINEKLRDGTGYMYTWGVNSEWGDRGPGPPVGAPIRPNFETIIKAGWVLYRGAFSGNIAGSVSPPNRPLTIGADAMRHPWMRTTGVNSICLRGETLNRNIYGHMGPRYGKGSNPVGGPYAHNIQTESYQEVQYKAGFFRGPPNNFMGWENTDNNNAGSGWGNNAIYRDNNFRVPKRVRWYITNMKYNGQGFYAENVFGSRNQEIKISPREFIVNGINLMNTGWKFINQNDINYSPGNRPDIRVIATNVARFNGDATIGNNGYTQFNQPLTRPDNSAIFGQGNVSAMHVTTVGVYNFRSDAQWYVKSNPPEIGNQWGPVWSEATRPLRLVGGTGSADIGGNLRTSGNASHHLATLWLGVNNSRNGACVVTLDRKNDEWIAAAGIGCYNPLEDLTQWSEVDSRLRIFGNNFQNRVHQIMCLPVNMAVPFHFIRGTVVQTGVIPGHNAMQMKAMWAPATTNSATQGDYAITYWLVARADGSVEVWVNVEMSNIMNMRVILPEVRIAVQRLA,Enterobacter,0.45097035771973015,0.99918264,0.96186924,0.99960387,5,0.5951070905364263,61
2,5,round1_cand59,MN434096,Klebsiella,QFR57578.1,QFR57578.1,round2_cand83,Enterobacter,G329D;E427T;G442A;W505G;C587R;I646D,MGFYAGRIGDKKVLSLTSGNNKDVNNHTNPGWDTIFHSDMPHVVVLETHERDLWDGGDWYRCTRMPDRIIQVLSADYDRVVLTEVEFEDGTRRFIYGTSLGVGAKAYNAYFSNTVGSQASAGTMASMKTNVCASADLHMDVSFYFEETPGTINEKLRDGTGCMYTWGVNSEWGDRGPGPPVGAPIRPNFETIIKAGWVLYRGAFSGNIAGSVSPPNRPLTIGADAMRHPWMRTTGVNSICLRGETLNRNIYGHMGPRYGKGGNPVGGPYAHNIQTESYQEVQYKAGFFRGPPNNFMGWENTDNNNAGSGWGNNAIYRDNNFRVPKRVRDYITNAKYNGQGFYAENVFGSRNQEIKISPREFIVNGINLMNTGWTFINQNDINYSPGNRPDIRVIATNVARFNGDATIGNNGYTQFNQPLTRPDNSATFGQGNVSAMHVTTVAVYNFRSDAQWYVKSNPPEIGNQWGPVWSEATRPLRLVGGTGSADIGGNLRTSGNASHHLATLGLGVNNSRNGACVVTLDWDNDEWIAAAGIGCYNPLEDLTQWSEVDSRLRIFGNNFQKRVHQIMCLPVNMCVPFHFPRGTVVQRGVIPGHNAMQMKAMWAPATTNSATQGDYAITYWLVARADGSVEVWVNVEMSNIMNMRVDLPEVRIAVQRLA,Enterobacter,0.48027066004294905,0.99922204,0.9619318,0.99972534,6,0.5944185724558309,62
2,12,round1_cand11,MN434096,Klebsiella,QFR57578.1,QFR57578.1,round2_cand110,Enterobacter,N333T;G348V;P389N;W522S;W632G;E649V,MGFYAGRIGDKKVLSLTSGNNKDVNNHTNPGWDTIFHSDMPHVVVLETHERDLWDGGDWYRCTRMPDRIIQVLSADYDRVVLTEVEFEDGTRRFIYGTSLGVGAKAYNAYFSNTVGSQASAGTMASMKTNVCASADLHMDVSFYFEETPGTINEKLRDGTGCMYTWGVNSEWGDRGPGPPVGAPIRPNFETIIKAGWVLYRGAFSGNIAGSVSPPNRPLTIGADAMRHPWMRTTGVNSICLRGETLNRNIYGHMGPRYGKGSNPVGGPYAHNIQTESYQEVQYKAGDFRGPPNNFMGWENTDNNNAGSGWGNNAIYRDNNFRVPKRVRWYITTMKYNGQGFYAENVFVSRNQEIKISPREFIVNGINLMNTGWKFINQNDINYSPGNRNDIRVIATNVARFNGDATIGNNGYTQFNQPLTRPDNSAEFGQGNVSAMHVTTVGVYNFRSDAQWYVKSNPPEIGNQWGPVWSEATRPLRLVGGTGSADIGGNLRTSGNASHHLATLWLGVNNSRNGANVVTLDSKNDEWIAAAGIGCYNPLEDLTQWSEVDSRLRIFGNNFQKRVHQIMCLPVNMCVPFHFIRGTVVQCGVIPGHNAMQMKAMWAPATTNSATQGDYAITYWLVARADGSVEVGVNVEMSNIMNMRVILPVVRIAVQRLA,Enterobacter,0.4773668702104024,0.9995358,0.9588559,0.999748,6,0.5911150291719369,63
2,4,round1_cand2,MN434096,Klebsiella,QFR57578.1,QFR57578.1,round2_cand78,Enterobacter,S329A;N333S;W373A;C516P;C568T;M641T,MGFYAGRIGDKKVLSLTSGNNKDVNNHTNPGWDTIFHSDMPHVVVLETHERDLWDGGDWYRCTRMPDRIIQVLSADYDRVVLTEVEFEDGTRRFIYGTSLGVGAKAYNAYFSNTVGSQASAGTMASMKTNVCASADLHMDVSFYFEETPGTINEKLRDGTGCYYTWGVNSEYGDRGPGPPVGAPIRPNFETIIKAGWVLYRGAFSGNIAGSVSPPNRPLTIGADANRHPWMRTTGVNSICLRGETLNRNIYGHMGPRYGKGSNPVGGPYAHNIQTESYQEVQYKAGFFRGPPNNFMGWENTDNNNAGSGWGNNAIYRDNNFRVPKRVRAYITSMKYNGQGFYAENVFGSRNQEIKISPREFIVNGINLMNTGAKFINQNDINYSPGNRPDIRVIADNVARFNGDATIGNNGYTQFNQPLTRPDNSAEFGQGNVSAMHVTTVGVYNFRSDAQWYVKSNPPEIGNQWGPVWSEATRPLRLVGGTGSADIGGNLRTSGNASHHLATLRLGVNNSRNGAPVVTLDWKNDEWIAAAGIGCYNPLEDLTQWSEVDSRLRIFGNNFQKRVHQIMTLPVNMCVPFHFIRGTVVQCGVIPGHNAMQMKAMWAPATTNSATQGDYAITYWLVARADGSVEVWVNVEMSNITNMRVILPEVRIAVQRLA,Enterobacter,0.4737168527516519,0.9988895,0.96436286,0.99953425,6,0.5881724778684769,64
