run_name,run_dir,method,candidate_id,round,rank_in_round,protein_id,virus_accession,source_host,target_host,pred_label,target_score,selection_score,seed_cosine_similarity,seed_novelty_distance,n_mutations,mutations,aa_sequence,seed_protein_id,seed_sequence,optimization_seed,model_path,label_classes_path,seq_dist_from_seed,strict_nn_protein_id,strict_nn_host,strict_nn_product,strict_nn_cosine,strict_top5_mean_cosine,strict_annotation_is_rbp_like,structural_nn_protein_id,structural_nn_host,structural_nn_product,structural_nn_cosine,structural_top5_mean_cosine,structural_annotation_is_rbp_like,structural_plus_nn_protein_id,structural_plus_nn_host,structural_plus_nn_product,structural_plus_nn_cosine,structural_plus_top5_mean_cosine,structural_plus_annotation_is_rbp_like,pll_candidate_mean,pll_seed_mean,pll_delta_candidate_minus_seed,strict_manifold_score,family_retention_flag,passes_mutation_budget,passes_manifold_floor,passes_family_retention,passes_naturalness,validated_pass,method_family,rank_score
kleb_to_enterobacter_structural_entropy_diversity_novelty_seed42,/content/phageforge_extracted/phageforge/results/design_runs/kleb_to_enterobacter_structural_entropy_diversity_novelty_seed42,kleb_to_enterobacter_structural_entropy_diversity_novelty_seed42,round4_cand121,4,30,QFR57578.1,MN434096,Klebsiella,Enterobacter,Enterobacter,0.6014742985201821,0.5714915118945584,0.999426245689392,0.0005737543106079,2,W329N;C568T,MGFYAGRIGDKKVLSLTSGNNKDVNNHTNPGWDTIFHSDMPHVVVLETHERDLWDGGDWYRCTRMPDRIIQVLSADYDRVVLTEVEFEDGTRRFIYGTSLGVGAKAYNAYFSNTVGSQASAGTMASMKTNVCASADLHMDVSFYFEETPGTINEKLRDGTGCMYTWGVNSEWGDRGPGPPVGAPIRPNFETIIKAGRVLYRGAFSGNIAGSVSPPNRPLTIGADAMRHPWMRTTGVNSICLRGETLNRNIYGHMGPRYGPGSNPVGGPYAHNIQTESYQEVQYKAGFFRGPPNNFMGWENTDNNNAGSGWGNNAIYRDNNFRVPKRVRNYITNMKYNGQGFYAENVFGSRNQEIKISPREFIVNGINLMNTGTKFINQNDINYSPGNRPDIRVIATNVARFNGDATIGNNGYTQFNQPLTRPDNSAEFGQGNVSAMHVTTVGVYNFRSDAQWYVKSNPPEIGNQWGPVWSEATRPLRLVGGTGSADIGGNLRTSGNASHHLATLWLGVNNSRNGACVVTLDPDNDEIIAAAGIGCYNPLEDLTQWSEVDSRLRIFGNNFQKRVHQIMTLPVNMCVPFHFIRGTVVQCGVIPGHNAMQMKAMWAPATTNSATQGDYAITYWLVARADGSVEVWVNVEMSNIMNMRVILPEVRIAVQRLA,QFR57578.1,MGFYAGRIGDKKVLSLTSGNNKDVNNHTNPGWDTIFHSDMPHVVVLETHERDLWDGGDWYRCTRMPDRIIQVLSADYDRVVLTEVEFEDGTRRFIYGTSLGVGAKAYNAYFSNTVGSQASAGTMASMKTNVCASADLHMDVSFYFEETPGTINEKLRDGTGCMYTWGVNSEWGDRGPGPPVGAPIRPNFETIIKAGWVLYRGAFSGNIAGSVSPPNRPLTIGADAMRHPWMRTTGVNSICLRGETLNRNIYGHMGPRYGKGSNPVGGPYAHNIQTESYQEVQYKAGFFRGPPNNFMGWENTDNNNAGSGWGNNAIYRDNNFRVPKRVRWYITNMKYNGQGFYAENVFGSRNQEIKISPREFIVNGINLMNTGWKFINQNDINYSPGNRPDIRVIATNVARFNGDATIGNNGYTQFNQPLTRPDNSAEFGQGNVSAMHVTTVGVYNFRSDAQWYVKSNPPEIGNQWGPVWSEATRPLRLVGGTGSADIGGNLRTSGNASHHLATLWLGVNNSRNGACVVTLDWKNDEWIAAAGIGCYNPLEDLTQWSEVDSRLRIFGNNFQKRVHQIMCLPVNMCVPFHFIRGTVVQCGVIPGHNAMQMKAMWAPATTNSATQGDYAITYWLVARADGSVEVWVNVEMSNIMNMRVILPEVRIAVQRLA,42,results/broad/linear_probe/seed_42/model.joblib,results/broad/linear_probe/seed_42/label_classes.json,8,WWD14686.1,Klebsiella,receptor binding tail protein,0.9994475841522216,0.9971085786819458,True,WWD14686.1,Klebsiella,receptor binding tail protein,0.9994475841522216,0.9971085786819458,True,WWD14686.1,Klebsiella,receptor binding tail protein,0.9994475841522216,0.9971085786819458,True,-2.394089818000793,-4.330905914306641,1.9368160963058472,0.9982780814170836,True,True,True,True,True,True,diversity_plus_novelty,1.048987061186857
kleb_to_enterobacter_structural_entropy_diversity_seed42,/content/phageforge_extracted/phageforge/results/design_runs/kleb_to_enterobacter_structural_entropy_diversity_seed42,kleb_to_enterobacter_structural_entropy_diversity_seed42,round4_cand121,4,30,QFR57578.1,MN434096,Klebsiella,Enterobacter,Enterobacter,0.6014742985201821,0.6014742985201821,0.999426245689392,0.0005737543106079,2,W329N;C568T,MGFYAGRIGDKKVLSLTSGNNKDVNNHTNPGWDTIFHSDMPHVVVLETHERDLWDGGDWYRCTRMPDRIIQVLSADYDRVVLTEVEFEDGTRRFIYGTSLGVGAKAYNAYFSNTVGSQASAGTMASMKTNVCASADLHMDVSFYFEETPGTINEKLRDGTGCMYTWGVNSEWGDRGPGPPVGAPIRPNFETIIKAGRVLYRGAFSGNIAGSVSPPNRPLTIGADAMRHPWMRTTGVNSICLRGETLNRNIYGHMGPRYGPGSNPVGGPYAHNIQTESYQEVQYKAGFFRGPPNNFMGWENTDNNNAGSGWGNNAIYRDNNFRVPKRVRNYITNMKYNGQGFYAENVFGSRNQEIKISPREFIVNGINLMNTGTKFINQNDINYSPGNRPDIRVIATNVARFNGDATIGNNGYTQFNQPLTRPDNSAEFGQGNVSAMHVTTVGVYNFRSDAQWYVKSNPPEIGNQWGPVWSEATRPLRLVGGTGSADIGGNLRTSGNASHHLATLWLGVNNSRNGACVVTLDPDNDEIIAAAGIGCYNPLEDLTQWSEVDSRLRIFGNNFQKRVHQIMTLPVNMCVPFHFIRGTVVQCGVIPGHNAMQMKAMWAPATTNSATQGDYAITYWLVARADGSVEVWVNVEMSNIMNMRVILPEVRIAVQRLA,QFR57578.1,MGFYAGRIGDKKVLSLTSGNNKDVNNHTNPGWDTIFHSDMPHVVVLETHERDLWDGGDWYRCTRMPDRIIQVLSADYDRVVLTEVEFEDGTRRFIYGTSLGVGAKAYNAYFSNTVGSQASAGTMASMKTNVCASADLHMDVSFYFEETPGTINEKLRDGTGCMYTWGVNSEWGDRGPGPPVGAPIRPNFETIIKAGWVLYRGAFSGNIAGSVSPPNRPLTIGADAMRHPWMRTTGVNSICLRGETLNRNIYGHMGPRYGKGSNPVGGPYAHNIQTESYQEVQYKAGFFRGPPNNFMGWENTDNNNAGSGWGNNAIYRDNNFRVPKRVRWYITNMKYNGQGFYAENVFGSRNQEIKISPREFIVNGINLMNTGWKFINQNDINYSPGNRPDIRVIATNVARFNGDATIGNNGYTQFNQPLTRPDNSAEFGQGNVSAMHVTTVGVYNFRSDAQWYVKSNPPEIGNQWGPVWSEATRPLRLVGGTGSADIGGNLRTSGNASHHLATLWLGVNNSRNGACVVTLDWKNDEWIAAAGIGCYNPLEDLTQWSEVDSRLRIFGNNFQKRVHQIMCLPVNMCVPFHFIRGTVVQCGVIPGHNAMQMKAMWAPATTNSATQGDYAITYWLVARADGSVEVWVNVEMSNIMNMRVILPEVRIAVQRLA,42,results/broad/linear_probe/seed_42/model.joblib,results/broad/linear_probe/seed_42/label_classes.json,8,WWD14686.1,Klebsiella,receptor binding tail protein,0.9994475841522216,0.9971085786819458,True,WWD14686.1,Klebsiella,receptor binding tail protein,0.9994475841522216,0.9971085786819458,True,WWD14686.1,Klebsiella,receptor binding tail protein,0.9994475841522216,0.9971085786819458,True,-2.394089818000793,-4.330905914306641,1.9368160963058472,0.9982780814170836,True,True,True,True,True,True,diversity,1.048987061186857
kleb_to_enterobacter_structural_plus_entropy_diversity_novelty_seed42,/content/phageforge_extracted/phageforge/results/design_runs/kleb_to_enterobacter_structural_plus_entropy_diversity_novelty_seed42,kleb_to_enterobacter_structural_plus_entropy_diversity_novelty_seed42,round4_cand121,4,30,QFR57578.1,MN434096,Klebsiella,Enterobacter,Enterobacter,0.6014742985201821,0.5714915118945584,0.999426245689392,0.0005737543106079,2,W329N;C568T,MGFYAGRIGDKKVLSLTSGNNKDVNNHTNPGWDTIFHSDMPHVVVLETHERDLWDGGDWYRCTRMPDRIIQVLSADYDRVVLTEVEFEDGTRRFIYGTSLGVGAKAYNAYFSNTVGSQASAGTMASMKTNVCASADLHMDVSFYFEETPGTINEKLRDGTGCMYTWGVNSEWGDRGPGPPVGAPIRPNFETIIKAGRVLYRGAFSGNIAGSVSPPNRPLTIGADAMRHPWMRTTGVNSICLRGETLNRNIYGHMGPRYGPGSNPVGGPYAHNIQTESYQEVQYKAGFFRGPPNNFMGWENTDNNNAGSGWGNNAIYRDNNFRVPKRVRNYITNMKYNGQGFYAENVFGSRNQEIKISPREFIVNGINLMNTGTKFINQNDINYSPGNRPDIRVIATNVARFNGDATIGNNGYTQFNQPLTRPDNSAEFGQGNVSAMHVTTVGVYNFRSDAQWYVKSNPPEIGNQWGPVWSEATRPLRLVGGTGSADIGGNLRTSGNASHHLATLWLGVNNSRNGACVVTLDPDNDEIIAAAGIGCYNPLEDLTQWSEVDSRLRIFGNNFQKRVHQIMTLPVNMCVPFHFIRGTVVQCGVIPGHNAMQMKAMWAPATTNSATQGDYAITYWLVARADGSVEVWVNVEMSNIMNMRVILPEVRIAVQRLA,QFR57578.1,MGFYAGRIGDKKVLSLTSGNNKDVNNHTNPGWDTIFHSDMPHVVVLETHERDLWDGGDWYRCTRMPDRIIQVLSADYDRVVLTEVEFEDGTRRFIYGTSLGVGAKAYNAYFSNTVGSQASAGTMASMKTNVCASADLHMDVSFYFEETPGTINEKLRDGTGCMYTWGVNSEWGDRGPGPPVGAPIRPNFETIIKAGWVLYRGAFSGNIAGSVSPPNRPLTIGADAMRHPWMRTTGVNSICLRGETLNRNIYGHMGPRYGKGSNPVGGPYAHNIQTESYQEVQYKAGFFRGPPNNFMGWENTDNNNAGSGWGNNAIYRDNNFRVPKRVRWYITNMKYNGQGFYAENVFGSRNQEIKISPREFIVNGINLMNTGWKFINQNDINYSPGNRPDIRVIATNVARFNGDATIGNNGYTQFNQPLTRPDNSAEFGQGNVSAMHVTTVGVYNFRSDAQWYVKSNPPEIGNQWGPVWSEATRPLRLVGGTGSADIGGNLRTSGNASHHLATLWLGVNNSRNGACVVTLDWKNDEWIAAAGIGCYNPLEDLTQWSEVDSRLRIFGNNFQKRVHQIMCLPVNMCVPFHFIRGTVVQCGVIPGHNAMQMKAMWAPATTNSATQGDYAITYWLVARADGSVEVWVNVEMSNIMNMRVILPEVRIAVQRLA,42,results/broad/linear_probe/seed_42/model.joblib,results/broad/linear_probe/seed_42/label_classes.json,8,WWD14686.1,Klebsiella,receptor binding tail protein,0.9994475841522216,0.9971085786819458,True,WWD14686.1,Klebsiella,receptor binding tail protein,0.9994475841522216,0.9971085786819458,True,WWD14686.1,Klebsiella,receptor binding tail protein,0.9994475841522216,0.9971085786819458,True,-2.394089818000793,-4.330905914306641,1.9368160963058472,0.9982780814170836,True,True,True,True,True,True,diversity_plus_novelty,1.048987061186857
kleb_to_enterobacter_structural_plus_entropy_diversity_seed42,/content/phageforge_extracted/phageforge/results/design_runs/kleb_to_enterobacter_structural_plus_entropy_diversity_seed42,kleb_to_enterobacter_structural_plus_entropy_diversity_seed42,round4_cand121,4,30,QFR57578.1,MN434096,Klebsiella,Enterobacter,Enterobacter,0.6014742985201821,0.6014742985201821,0.999426245689392,0.0005737543106079,2,W329N;C568T,MGFYAGRIGDKKVLSLTSGNNKDVNNHTNPGWDTIFHSDMPHVVVLETHERDLWDGGDWYRCTRMPDRIIQVLSADYDRVVLTEVEFEDGTRRFIYGTSLGVGAKAYNAYFSNTVGSQASAGTMASMKTNVCASADLHMDVSFYFEETPGTINEKLRDGTGCMYTWGVNSEWGDRGPGPPVGAPIRPNFETIIKAGRVLYRGAFSGNIAGSVSPPNRPLTIGADAMRHPWMRTTGVNSICLRGETLNRNIYGHMGPRYGPGSNPVGGPYAHNIQTESYQEVQYKAGFFRGPPNNFMGWENTDNNNAGSGWGNNAIYRDNNFRVPKRVRNYITNMKYNGQGFYAENVFGSRNQEIKISPREFIVNGINLMNTGTKFINQNDINYSPGNRPDIRVIATNVARFNGDATIGNNGYTQFNQPLTRPDNSAEFGQGNVSAMHVTTVGVYNFRSDAQWYVKSNPPEIGNQWGPVWSEATRPLRLVGGTGSADIGGNLRTSGNASHHLATLWLGVNNSRNGACVVTLDPDNDEIIAAAGIGCYNPLEDLTQWSEVDSRLRIFGNNFQKRVHQIMTLPVNMCVPFHFIRGTVVQCGVIPGHNAMQMKAMWAPATTNSATQGDYAITYWLVARADGSVEVWVNVEMSNIMNMRVILPEVRIAVQRLA,QFR57578.1,MGFYAGRIGDKKVLSLTSGNNKDVNNHTNPGWDTIFHSDMPHVVVLETHERDLWDGGDWYRCTRMPDRIIQVLSADYDRVVLTEVEFEDGTRRFIYGTSLGVGAKAYNAYFSNTVGSQASAGTMASMKTNVCASADLHMDVSFYFEETPGTINEKLRDGTGCMYTWGVNSEWGDRGPGPPVGAPIRPNFETIIKAGWVLYRGAFSGNIAGSVSPPNRPLTIGADAMRHPWMRTTGVNSICLRGETLNRNIYGHMGPRYGKGSNPVGGPYAHNIQTESYQEVQYKAGFFRGPPNNFMGWENTDNNNAGSGWGNNAIYRDNNFRVPKRVRWYITNMKYNGQGFYAENVFGSRNQEIKISPREFIVNGINLMNTGWKFINQNDINYSPGNRPDIRVIATNVARFNGDATIGNNGYTQFNQPLTRPDNSAEFGQGNVSAMHVTTVGVYNFRSDAQWYVKSNPPEIGNQWGPVWSEATRPLRLVGGTGSADIGGNLRTSGNASHHLATLWLGVNNSRNGACVVTLDWKNDEWIAAAGIGCYNPLEDLTQWSEVDSRLRIFGNNFQKRVHQIMCLPVNMCVPFHFIRGTVVQCGVIPGHNAMQMKAMWAPATTNSATQGDYAITYWLVARADGSVEVWVNVEMSNIMNMRVILPEVRIAVQRLA,42,results/broad/linear_probe/seed_42/model.joblib,results/broad/linear_probe/seed_42/label_classes.json,8,WWD14686.1,Klebsiella,receptor binding tail protein,0.9994475841522216,0.9971085786819458,True,WWD14686.1,Klebsiella,receptor binding tail protein,0.9994475841522216,0.9971085786819458,True,WWD14686.1,Klebsiella,receptor binding tail protein,0.9994475841522216,0.9971085786819458,True,-2.394089818000793,-4.330905914306641,1.9368160963058472,0.9982780814170836,True,True,True,True,True,True,diversity,1.048987061186857
optionA_confirm_kleb_to_enterobacter_structural_entropy_diversity_novelty_l5p0_seed42,/content/phageforge_extracted/phageforge/results/design_runs/optionA_confirm_kleb_to_enterobacter_structural_entropy_diversity_novelty_l5p0_seed42,optionA_confirm_kleb_to_enterobacter_structural_entropy_diversity_novelty_l5p0_seed42,round4_cand121,4,35,QFR57578.1,MN434096,Klebsiella,Enterobacter,Enterobacter,0.6014742985201821,-4.395657049136068,0.999426245689392,0.0005737543106079,2,W329N;C568T,MGFYAGRIGDKKVLSLTSGNNKDVNNHTNPGWDTIFHSDMPHVVVLETHERDLWDGGDWYRCTRMPDRIIQVLSADYDRVVLTEVEFEDGTRRFIYGTSLGVGAKAYNAYFSNTVGSQASAGTMASMKTNVCASADLHMDVSFYFEETPGTINEKLRDGTGCMYTWGVNSEWGDRGPGPPVGAPIRPNFETIIKAGRVLYRGAFSGNIAGSVSPPNRPLTIGADAMRHPWMRTTGVNSICLRGETLNRNIYGHMGPRYGPGSNPVGGPYAHNIQTESYQEVQYKAGFFRGPPNNFMGWENTDNNNAGSGWGNNAIYRDNNFRVPKRVRNYITNMKYNGQGFYAENVFGSRNQEIKISPREFIVNGINLMNTGTKFINQNDINYSPGNRPDIRVIATNVARFNGDATIGNNGYTQFNQPLTRPDNSAEFGQGNVSAMHVTTVGVYNFRSDAQWYVKSNPPEIGNQWGPVWSEATRPLRLVGGTGSADIGGNLRTSGNASHHLATLWLGVNNSRNGACVVTLDPDNDEIIAAAGIGCYNPLEDLTQWSEVDSRLRIFGNNFQKRVHQIMTLPVNMCVPFHFIRGTVVQCGVIPGHNAMQMKAMWAPATTNSATQGDYAITYWLVARADGSVEVWVNVEMSNIMNMRVILPEVRIAVQRLA,QFR57578.1,MGFYAGRIGDKKVLSLTSGNNKDVNNHTNPGWDTIFHSDMPHVVVLETHERDLWDGGDWYRCTRMPDRIIQVLSADYDRVVLTEVEFEDGTRRFIYGTSLGVGAKAYNAYFSNTVGSQASAGTMASMKTNVCASADLHMDVSFYFEETPGTINEKLRDGTGCMYTWGVNSEWGDRGPGPPVGAPIRPNFETIIKAGWVLYRGAFSGNIAGSVSPPNRPLTIGADAMRHPWMRTTGVNSICLRGETLNRNIYGHMGPRYGKGSNPVGGPYAHNIQTESYQEVQYKAGFFRGPPNNFMGWENTDNNNAGSGWGNNAIYRDNNFRVPKRVRWYITNMKYNGQGFYAENVFGSRNQEIKISPREFIVNGINLMNTGWKFINQNDINYSPGNRPDIRVIATNVARFNGDATIGNNGYTQFNQPLTRPDNSAEFGQGNVSAMHVTTVGVYNFRSDAQWYVKSNPPEIGNQWGPVWSEATRPLRLVGGTGSADIGGNLRTSGNASHHLATLWLGVNNSRNGACVVTLDWKNDEWIAAAGIGCYNPLEDLTQWSEVDSRLRIFGNNFQKRVHQIMCLPVNMCVPFHFIRGTVVQCGVIPGHNAMQMKAMWAPATTNSATQGDYAITYWLVARADGSVEVWVNVEMSNIMNMRVILPEVRIAVQRLA,42,results/broad/linear_probe/seed_42/model.joblib,results/broad/linear_probe/seed_42/label_classes.json,8,WWD14686.1,Klebsiella,receptor binding tail protein,0.9994475841522216,0.9971085786819458,True,WWD14686.1,Klebsiella,receptor binding tail protein,0.9994475841522216,0.9971085786819458,True,WWD14686.1,Klebsiella,receptor binding tail protein,0.9994475841522216,0.9971085786819458,True,-2.394089818000793,-4.330905914306641,1.9368160963058472,0.9982780814170836,True,True,True,True,True,True,diversity_plus_novelty,1.048987061186857
optionA_kleb_to_enterobacter_structural_entropy_diversity_novelty_l2_seed42,/content/phageforge_extracted/phageforge/results/design_runs/optionA_kleb_to_enterobacter_structural_entropy_diversity_novelty_l2_seed42,optionA_kleb_to_enterobacter_structural_entropy_diversity_novelty_l2_seed42,round4_cand121,4,35,QFR57578.1,MN434096,Klebsiella,Enterobacter,Enterobacter,0.6014742985201821,-1.3973781928586022,0.999426245689392,0.0005737543106079,2,W329N;C568T,MGFYAGRIGDKKVLSLTSGNNKDVNNHTNPGWDTIFHSDMPHVVVLETHERDLWDGGDWYRCTRMPDRIIQVLSADYDRVVLTEVEFEDGTRRFIYGTSLGVGAKAYNAYFSNTVGSQASAGTMASMKTNVCASADLHMDVSFYFEETPGTINEKLRDGTGCMYTWGVNSEWGDRGPGPPVGAPIRPNFETIIKAGRVLYRGAFSGNIAGSVSPPNRPLTIGADAMRHPWMRTTGVNSICLRGETLNRNIYGHMGPRYGPGSNPVGGPYAHNIQTESYQEVQYKAGFFRGPPNNFMGWENTDNNNAGSGWGNNAIYRDNNFRVPKRVRNYITNMKYNGQGFYAENVFGSRNQEIKISPREFIVNGINLMNTGTKFINQNDINYSPGNRPDIRVIATNVARFNGDATIGNNGYTQFNQPLTRPDNSAEFGQGNVSAMHVTTVGVYNFRSDAQWYVKSNPPEIGNQWGPVWSEATRPLRLVGGTGSADIGGNLRTSGNASHHLATLWLGVNNSRNGACVVTLDPDNDEIIAAAGIGCYNPLEDLTQWSEVDSRLRIFGNNFQKRVHQIMTLPVNMCVPFHFIRGTVVQCGVIPGHNAMQMKAMWAPATTNSATQGDYAITYWLVARADGSVEVWVNVEMSNIMNMRVILPEVRIAVQRLA,QFR57578.1,MGFYAGRIGDKKVLSLTSGNNKDVNNHTNPGWDTIFHSDMPHVVVLETHERDLWDGGDWYRCTRMPDRIIQVLSADYDRVVLTEVEFEDGTRRFIYGTSLGVGAKAYNAYFSNTVGSQASAGTMASMKTNVCASADLHMDVSFYFEETPGTINEKLRDGTGCMYTWGVNSEWGDRGPGPPVGAPIRPNFETIIKAGWVLYRGAFSGNIAGSVSPPNRPLTIGADAMRHPWMRTTGVNSICLRGETLNRNIYGHMGPRYGKGSNPVGGPYAHNIQTESYQEVQYKAGFFRGPPNNFMGWENTDNNNAGSGWGNNAIYRDNNFRVPKRVRWYITNMKYNGQGFYAENVFGSRNQEIKISPREFIVNGINLMNTGWKFINQNDINYSPGNRPDIRVIATNVARFNGDATIGNNGYTQFNQPLTRPDNSAEFGQGNVSAMHVTTVGVYNFRSDAQWYVKSNPPEIGNQWGPVWSEATRPLRLVGGTGSADIGGNLRTSGNASHHLATLWLGVNNSRNGACVVTLDWKNDEWIAAAGIGCYNPLEDLTQWSEVDSRLRIFGNNFQKRVHQIMCLPVNMCVPFHFIRGTVVQCGVIPGHNAMQMKAMWAPATTNSATQGDYAITYWLVARADGSVEVWVNVEMSNIMNMRVILPEVRIAVQRLA,42,results/broad/linear_probe/seed_42/model.joblib,results/broad/linear_probe/seed_42/label_classes.json,8,WWD14686.1,Klebsiella,receptor binding tail protein,0.9994475841522216,0.9971085786819458,True,WWD14686.1,Klebsiella,receptor binding tail protein,0.9994475841522216,0.9971085786819458,True,WWD14686.1,Klebsiella,receptor binding tail protein,0.9994475841522216,0.9971085786819458,True,-2.394089818000793,-4.330905914306641,1.9368160963058472,0.9982780814170836,True,True,True,True,True,True,diversity_plus_novelty,1.048987061186857
optionA_kleb_to_enterobacter_structural_entropy_diversity_novelty_l5_seed42,/content/phageforge_extracted/phageforge/results/design_runs/optionA_kleb_to_enterobacter_structural_entropy_diversity_novelty_l5_seed42,optionA_kleb_to_enterobacter_structural_entropy_diversity_novelty_l5_seed42,round4_cand121,4,35,QFR57578.1,MN434096,Klebsiella,Enterobacter,Enterobacter,0.6014742985201821,-4.395657049136068,0.999426245689392,0.0005737543106079,2,W329N;C568T,MGFYAGRIGDKKVLSLTSGNNKDVNNHTNPGWDTIFHSDMPHVVVLETHERDLWDGGDWYRCTRMPDRIIQVLSADYDRVVLTEVEFEDGTRRFIYGTSLGVGAKAYNAYFSNTVGSQASAGTMASMKTNVCASADLHMDVSFYFEETPGTINEKLRDGTGCMYTWGVNSEWGDRGPGPPVGAPIRPNFETIIKAGRVLYRGAFSGNIAGSVSPPNRPLTIGADAMRHPWMRTTGVNSICLRGETLNRNIYGHMGPRYGPGSNPVGGPYAHNIQTESYQEVQYKAGFFRGPPNNFMGWENTDNNNAGSGWGNNAIYRDNNFRVPKRVRNYITNMKYNGQGFYAENVFGSRNQEIKISPREFIVNGINLMNTGTKFINQNDINYSPGNRPDIRVIATNVARFNGDATIGNNGYTQFNQPLTRPDNSAEFGQGNVSAMHVTTVGVYNFRSDAQWYVKSNPPEIGNQWGPVWSEATRPLRLVGGTGSADIGGNLRTSGNASHHLATLWLGVNNSRNGACVVTLDPDNDEIIAAAGIGCYNPLEDLTQWSEVDSRLRIFGNNFQKRVHQIMTLPVNMCVPFHFIRGTVVQCGVIPGHNAMQMKAMWAPATTNSATQGDYAITYWLVARADGSVEVWVNVEMSNIMNMRVILPEVRIAVQRLA,QFR57578.1,MGFYAGRIGDKKVLSLTSGNNKDVNNHTNPGWDTIFHSDMPHVVVLETHERDLWDGGDWYRCTRMPDRIIQVLSADYDRVVLTEVEFEDGTRRFIYGTSLGVGAKAYNAYFSNTVGSQASAGTMASMKTNVCASADLHMDVSFYFEETPGTINEKLRDGTGCMYTWGVNSEWGDRGPGPPVGAPIRPNFETIIKAGWVLYRGAFSGNIAGSVSPPNRPLTIGADAMRHPWMRTTGVNSICLRGETLNRNIYGHMGPRYGKGSNPVGGPYAHNIQTESYQEVQYKAGFFRGPPNNFMGWENTDNNNAGSGWGNNAIYRDNNFRVPKRVRWYITNMKYNGQGFYAENVFGSRNQEIKISPREFIVNGINLMNTGWKFINQNDINYSPGNRPDIRVIATNVARFNGDATIGNNGYTQFNQPLTRPDNSAEFGQGNVSAMHVTTVGVYNFRSDAQWYVKSNPPEIGNQWGPVWSEATRPLRLVGGTGSADIGGNLRTSGNASHHLATLWLGVNNSRNGACVVTLDWKNDEWIAAAGIGCYNPLEDLTQWSEVDSRLRIFGNNFQKRVHQIMCLPVNMCVPFHFIRGTVVQCGVIPGHNAMQMKAMWAPATTNSATQGDYAITYWLVARADGSVEVWVNVEMSNIMNMRVILPEVRIAVQRLA,42,results/broad/linear_probe/seed_42/model.joblib,results/broad/linear_probe/seed_42/label_classes.json,8,WWD14686.1,Klebsiella,receptor binding tail protein,0.9994475841522216,0.9971085786819458,True,WWD14686.1,Klebsiella,receptor binding tail protein,0.9994475841522216,0.9971085786819458,True,WWD14686.1,Klebsiella,receptor binding tail protein,0.9994475841522216,0.9971085786819458,True,-2.394089818000793,-4.330905914306641,1.9368160963058472,0.9982780814170836,True,True,True,True,True,True,diversity_plus_novelty,1.048987061186857
optionA_kleb_to_enterobacter_structural_entropy_diversity_seed42,/content/phageforge_extracted/phageforge/results/design_runs/optionA_kleb_to_enterobacter_structural_entropy_diversity_seed42,optionA_kleb_to_enterobacter_structural_entropy_diversity_seed42,round4_cand121,4,30,QFR57578.1,MN434096,Klebsiella,Enterobacter,Enterobacter,0.6014742985201821,0.6014742985201821,0.999426245689392,0.0005737543106079,2,W329N;C568T,MGFYAGRIGDKKVLSLTSGNNKDVNNHTNPGWDTIFHSDMPHVVVLETHERDLWDGGDWYRCTRMPDRIIQVLSADYDRVVLTEVEFEDGTRRFIYGTSLGVGAKAYNAYFSNTVGSQASAGTMASMKTNVCASADLHMDVSFYFEETPGTINEKLRDGTGCMYTWGVNSEWGDRGPGPPVGAPIRPNFETIIKAGRVLYRGAFSGNIAGSVSPPNRPLTIGADAMRHPWMRTTGVNSICLRGETLNRNIYGHMGPRYGPGSNPVGGPYAHNIQTESYQEVQYKAGFFRGPPNNFMGWENTDNNNAGSGWGNNAIYRDNNFRVPKRVRNYITNMKYNGQGFYAENVFGSRNQEIKISPREFIVNGINLMNTGTKFINQNDINYSPGNRPDIRVIATNVARFNGDATIGNNGYTQFNQPLTRPDNSAEFGQGNVSAMHVTTVGVYNFRSDAQWYVKSNPPEIGNQWGPVWSEATRPLRLVGGTGSADIGGNLRTSGNASHHLATLWLGVNNSRNGACVVTLDPDNDEIIAAAGIGCYNPLEDLTQWSEVDSRLRIFGNNFQKRVHQIMTLPVNMCVPFHFIRGTVVQCGVIPGHNAMQMKAMWAPATTNSATQGDYAITYWLVARADGSVEVWVNVEMSNIMNMRVILPEVRIAVQRLA,QFR57578.1,MGFYAGRIGDKKVLSLTSGNNKDVNNHTNPGWDTIFHSDMPHVVVLETHERDLWDGGDWYRCTRMPDRIIQVLSADYDRVVLTEVEFEDGTRRFIYGTSLGVGAKAYNAYFSNTVGSQASAGTMASMKTNVCASADLHMDVSFYFEETPGTINEKLRDGTGCMYTWGVNSEWGDRGPGPPVGAPIRPNFETIIKAGWVLYRGAFSGNIAGSVSPPNRPLTIGADAMRHPWMRTTGVNSICLRGETLNRNIYGHMGPRYGKGSNPVGGPYAHNIQTESYQEVQYKAGFFRGPPNNFMGWENTDNNNAGSGWGNNAIYRDNNFRVPKRVRWYITNMKYNGQGFYAENVFGSRNQEIKISPREFIVNGINLMNTGWKFINQNDINYSPGNRPDIRVIATNVARFNGDATIGNNGYTQFNQPLTRPDNSAEFGQGNVSAMHVTTVGVYNFRSDAQWYVKSNPPEIGNQWGPVWSEATRPLRLVGGTGSADIGGNLRTSGNASHHLATLWLGVNNSRNGACVVTLDWKNDEWIAAAGIGCYNPLEDLTQWSEVDSRLRIFGNNFQKRVHQIMCLPVNMCVPFHFIRGTVVQCGVIPGHNAMQMKAMWAPATTNSATQGDYAITYWLVARADGSVEVWVNVEMSNIMNMRVILPEVRIAVQRLA,42,results/broad/linear_probe/seed_42/model.joblib,results/broad/linear_probe/seed_42/label_classes.json,8,WWD14686.1,Klebsiella,receptor binding tail protein,0.9994475841522216,0.9971085786819458,True,WWD14686.1,Klebsiella,receptor binding tail protein,0.9994475841522216,0.9971085786819458,True,WWD14686.1,Klebsiella,receptor binding tail protein,0.9994475841522216,0.9971085786819458,True,-2.394089818000793,-4.330905914306641,1.9368160963058472,0.9982780814170836,True,True,True,True,True,True,diversity,1.048987061186857
kleb_to_enterobacter_structural_plus_random_diversity_seed42,/content/phageforge_extracted/phageforge/results/design_runs/kleb_to_enterobacter_structural_plus_random_diversity_seed42,kleb_to_enterobacter_structural_plus_random_diversity_seed42,round4_cand106,4,7,QFR57578.1,MN434096,Klebsiella,Enterobacter,Enterobacter,0.5443770689822385,0.5443770689822385,0.9995112419128418,0.0004887580871582,1,W620Q,MGFYAGRIGDKKVLSLTSGNNKDVNNHTNPGWDTIFHSDMPHVVVLETHERDLWDGGDWYRCTRMPDRIIQVLSADYDRVVLTEVEFEDGTRRFIYGTSLGVGAAAYNAYFSNTVGSQASAGTMASMKTNVCASADLHMDVSFYFEETPGTINEKLRDGTGCMYTWGVNSEWGDRGPGPPVGAPIRPNFETIIKAGWVLYRGAFSGNIAGSVSPPNRPLTIGADAMRHPWMRTTGVNSICLRTETLNRNIYGHMGPRYGKGSNPVGGPYAHNIQTESYQEVQYKAGFFRGPPNNFMGWENTDNNNAGSGTGNNAIYRDNNFRVPKRVRTYITNMKYNGQGFYAENVFGSRNQEIKISPREFIVNGINLMNTGWKFINQNDINYSPGNRPDIRVIATNVARFNGDATIGNNGYTQFNQPLTRPDNSAEFGQGNVSAMHVTTVGVYNFRSDAQWYVKSNPPEIGNQWGPVWSEATRPLRLVGGTGSADIGGNLRTSGNASHHLATLWLGVRNSRNGACVVTLDWKNDEWIAAAGAGCYNPLEDLTQWSEVDSRLRIFGNNFQKRVHQIMCLPVNMCVPFHFIRGTVVQCGVIPGHNAMQMKAMWAPATTNSATQGDYAITYQLVARADGSVEVWVNVEMSNIMNMRVILREVRIAVQRLA,QFR57578.1,MGFYAGRIGDKKVLSLTSGNNKDVNNHTNPGWDTIFHSDMPHVVVLETHERDLWDGGDWYRCTRMPDRIIQVLSADYDRVVLTEVEFEDGTRRFIYGTSLGVGAKAYNAYFSNTVGSQASAGTMASMKTNVCASADLHMDVSFYFEETPGTINEKLRDGTGCMYTWGVNSEWGDRGPGPPVGAPIRPNFETIIKAGWVLYRGAFSGNIAGSVSPPNRPLTIGADAMRHPWMRTTGVNSICLRGETLNRNIYGHMGPRYGKGSNPVGGPYAHNIQTESYQEVQYKAGFFRGPPNNFMGWENTDNNNAGSGWGNNAIYRDNNFRVPKRVRWYITNMKYNGQGFYAENVFGSRNQEIKISPREFIVNGINLMNTGWKFINQNDINYSPGNRPDIRVIATNVARFNGDATIGNNGYTQFNQPLTRPDNSAEFGQGNVSAMHVTTVGVYNFRSDAQWYVKSNPPEIGNQWGPVWSEATRPLRLVGGTGSADIGGNLRTSGNASHHLATLWLGVNNSRNGACVVTLDWKNDEWIAAAGIGCYNPLEDLTQWSEVDSRLRIFGNNFQKRVHQIMCLPVNMCVPFHFIRGTVVQCGVIPGHNAMQMKAMWAPATTNSATQGDYAITYWLVARADGSVEVWVNVEMSNIMNMRVILPEVRIAVQRLA,42,results/broad/linear_probe/seed_42/model.joblib,results/broad/linear_probe/seed_42/label_classes.json,8,WWD14686.1,Klebsiella,receptor binding tail protein,0.9995155930519104,0.9974824786186218,True,WWD14686.1,Klebsiella,receptor binding tail protein,0.9995155930519104,0.9974824786186218,True,WWD14686.1,Klebsiella,receptor binding tail protein,0.9995155930519104,0.9974824786186218,True,-2.8490004539489746,-3.492848873138428,0.6438484191894531,0.998499035835266,True,True,True,True,True,True,diversity,0.816528261870492
kleb_to_enterobacter_structural_plus_random_no_diversity_seed42,/content/phageforge_extracted/phageforge/results/design_runs/kleb_to_enterobacter_structural_plus_random_no_diversity_seed42,kleb_to_enterobacter_structural_plus_random_no_diversity_seed42,round4_cand106,4,7,QFR57578.1,MN434096,Klebsiella,Enterobacter,Enterobacter,0.5443770689822385,0.5443770689822385,0.99951124,0.0004887581,1,W620Q,MGFYAGRIGDKKVLSLTSGNNKDVNNHTNPGWDTIFHSDMPHVVVLETHERDLWDGGDWYRCTRMPDRIIQVLSADYDRVVLTEVEFEDGTRRFIYGTSLGVGAAAYNAYFSNTVGSQASAGTMASMKTNVCASADLHMDVSFYFEETPGTINEKLRDGTGCMYTWGVNSEWGDRGPGPPVGAPIRPNFETIIKAGWVLYRGAFSGNIAGSVSPPNRPLTIGADAMRHPWMRTTGVNSICLRTETLNRNIYGHMGPRYGKGSNPVGGPYAHNIQTESYQEVQYKAGFFRGPPNNFMGWENTDNNNAGSGTGNNAIYRDNNFRVPKRVRTYITNMKYNGQGFYAENVFGSRNQEIKISPREFIVNGINLMNTGWKFINQNDINYSPGNRPDIRVIATNVARFNGDATIGNNGYTQFNQPLTRPDNSAEFGQGNVSAMHVTTVGVYNFRSDAQWYVKSNPPEIGNQWGPVWSEATRPLRLVGGTGSADIGGNLRTSGNASHHLATLWLGVRNSRNGACVVTLDWKNDEWIAAAGAGCYNPLEDLTQWSEVDSRLRIFGNNFQKRVHQIMCLPVNMCVPFHFIRGTVVQCGVIPGHNAMQMKAMWAPATTNSATQGDYAITYQLVARADGSVEVWVNVEMSNIMNMRVILREVRIAVQRLA,QFR57578.1,MGFYAGRIGDKKVLSLTSGNNKDVNNHTNPGWDTIFHSDMPHVVVLETHERDLWDGGDWYRCTRMPDRIIQVLSADYDRVVLTEVEFEDGTRRFIYGTSLGVGAKAYNAYFSNTVGSQASAGTMASMKTNVCASADLHMDVSFYFEETPGTINEKLRDGTGCMYTWGVNSEWGDRGPGPPVGAPIRPNFETIIKAGWVLYRGAFSGNIAGSVSPPNRPLTIGADAMRHPWMRTTGVNSICLRGETLNRNIYGHMGPRYGKGSNPVGGPYAHNIQTESYQEVQYKAGFFRGPPNNFMGWENTDNNNAGSGWGNNAIYRDNNFRVPKRVRWYITNMKYNGQGFYAENVFGSRNQEIKISPREFIVNGINLMNTGWKFINQNDINYSPGNRPDIRVIATNVARFNGDATIGNNGYTQFNQPLTRPDNSAEFGQGNVSAMHVTTVGVYNFRSDAQWYVKSNPPEIGNQWGPVWSEATRPLRLVGGTGSADIGGNLRTSGNASHHLATLWLGVNNSRNGACVVTLDWKNDEWIAAAGIGCYNPLEDLTQWSEVDSRLRIFGNNFQKRVHQIMCLPVNMCVPFHFIRGTVVQCGVIPGHNAMQMKAMWAPATTNSATQGDYAITYWLVARADGSVEVWVNVEMSNIMNMRVILPEVRIAVQRLA,42,results/broad/linear_probe/seed_42/model.joblib,results/broad/linear_probe/seed_42/label_classes.json,8,WWD14686.1,Klebsiella,receptor binding tail protein,0.9995155930519104,0.9974824786186218,True,WWD14686.1,Klebsiella,receptor binding tail protein,0.9995155930519104,0.9974824786186218,True,WWD14686.1,Klebsiella,receptor binding tail protein,0.9995155930519104,0.9974824786186218,True,-2.8490004539489746,-3.492848873138428,0.6438484191894531,0.998499035835266,True,True,True,True,True,True,diversity,0.816528261870492
kleb_to_enterobacter_structural_random_diversity_seed42,/content/phageforge_extracted/phageforge/results/design_runs/kleb_to_enterobacter_structural_random_diversity_seed42,kleb_to_enterobacter_structural_random_diversity_seed42,round4_cand106,4,7,QFR57578.1,MN434096,Klebsiella,Enterobacter,Enterobacter,0.5443770689822385,0.5443770689822385,0.9995112419128418,0.0004887580871582,1,W620Q,MGFYAGRIGDKKVLSLTSGNNKDVNNHTNPGWDTIFHSDMPHVVVLETHERDLWDGGDWYRCTRMPDRIIQVLSADYDRVVLTEVEFEDGTRRFIYGTSLGVGAAAYNAYFSNTVGSQASAGTMASMKTNVCASADLHMDVSFYFEETPGTINEKLRDGTGCMYTWGVNSEWGDRGPGPPVGAPIRPNFETIIKAGWVLYRGAFSGNIAGSVSPPNRPLTIGADAMRHPWMRTTGVNSICLRTETLNRNIYGHMGPRYGKGSNPVGGPYAHNIQTESYQEVQYKAGFFRGPPNNFMGWENTDNNNAGSGTGNNAIYRDNNFRVPKRVRTYITNMKYNGQGFYAENVFGSRNQEIKISPREFIVNGINLMNTGWKFINQNDINYSPGNRPDIRVIATNVARFNGDATIGNNGYTQFNQPLTRPDNSAEFGQGNVSAMHVTTVGVYNFRSDAQWYVKSNPPEIGNQWGPVWSEATRPLRLVGGTGSADIGGNLRTSGNASHHLATLWLGVRNSRNGACVVTLDWKNDEWIAAAGAGCYNPLEDLTQWSEVDSRLRIFGNNFQKRVHQIMCLPVNMCVPFHFIRGTVVQCGVIPGHNAMQMKAMWAPATTNSATQGDYAITYQLVARADGSVEVWVNVEMSNIMNMRVILREVRIAVQRLA,QFR57578.1,MGFYAGRIGDKKVLSLTSGNNKDVNNHTNPGWDTIFHSDMPHVVVLETHERDLWDGGDWYRCTRMPDRIIQVLSADYDRVVLTEVEFEDGTRRFIYGTSLGVGAKAYNAYFSNTVGSQASAGTMASMKTNVCASADLHMDVSFYFEETPGTINEKLRDGTGCMYTWGVNSEWGDRGPGPPVGAPIRPNFETIIKAGWVLYRGAFSGNIAGSVSPPNRPLTIGADAMRHPWMRTTGVNSICLRGETLNRNIYGHMGPRYGKGSNPVGGPYAHNIQTESYQEVQYKAGFFRGPPNNFMGWENTDNNNAGSGWGNNAIYRDNNFRVPKRVRWYITNMKYNGQGFYAENVFGSRNQEIKISPREFIVNGINLMNTGWKFINQNDINYSPGNRPDIRVIATNVARFNGDATIGNNGYTQFNQPLTRPDNSAEFGQGNVSAMHVTTVGVYNFRSDAQWYVKSNPPEIGNQWGPVWSEATRPLRLVGGTGSADIGGNLRTSGNASHHLATLWLGVNNSRNGACVVTLDWKNDEWIAAAGIGCYNPLEDLTQWSEVDSRLRIFGNNFQKRVHQIMCLPVNMCVPFHFIRGTVVQCGVIPGHNAMQMKAMWAPATTNSATQGDYAITYWLVARADGSVEVWVNVEMSNIMNMRVILPEVRIAVQRLA,42,results/broad/linear_probe/seed_42/model.joblib,results/broad/linear_probe/seed_42/label_classes.json,8,WWD14686.1,Klebsiella,receptor binding tail protein,0.9995155930519104,0.9974824786186218,True,WWD14686.1,Klebsiella,receptor binding tail protein,0.9995155930519104,0.9974824786186218,True,WWD14686.1,Klebsiella,receptor binding tail protein,0.9995155930519104,0.9974824786186218,True,-2.8490004539489746,-3.492848873138428,0.6438484191894531,0.998499035835266,True,True,True,True,True,True,diversity,0.816528261870492
kleb_to_enterobacter_structural_random_no_diversity_seed42,/content/phageforge_extracted/phageforge/results/design_runs/kleb_to_enterobacter_structural_random_no_diversity_seed42,kleb_to_enterobacter_structural_random_no_diversity_seed42,round4_cand106,4,7,QFR57578.1,MN434096,Klebsiella,Enterobacter,Enterobacter,0.5443770689822385,0.5443770689822385,0.99951124,0.0004887581,1,W620Q,MGFYAGRIGDKKVLSLTSGNNKDVNNHTNPGWDTIFHSDMPHVVVLETHERDLWDGGDWYRCTRMPDRIIQVLSADYDRVVLTEVEFEDGTRRFIYGTSLGVGAAAYNAYFSNTVGSQASAGTMASMKTNVCASADLHMDVSFYFEETPGTINEKLRDGTGCMYTWGVNSEWGDRGPGPPVGAPIRPNFETIIKAGWVLYRGAFSGNIAGSVSPPNRPLTIGADAMRHPWMRTTGVNSICLRTETLNRNIYGHMGPRYGKGSNPVGGPYAHNIQTESYQEVQYKAGFFRGPPNNFMGWENTDNNNAGSGTGNNAIYRDNNFRVPKRVRTYITNMKYNGQGFYAENVFGSRNQEIKISPREFIVNGINLMNTGWKFINQNDINYSPGNRPDIRVIATNVARFNGDATIGNNGYTQFNQPLTRPDNSAEFGQGNVSAMHVTTVGVYNFRSDAQWYVKSNPPEIGNQWGPVWSEATRPLRLVGGTGSADIGGNLRTSGNASHHLATLWLGVRNSRNGACVVTLDWKNDEWIAAAGAGCYNPLEDLTQWSEVDSRLRIFGNNFQKRVHQIMCLPVNMCVPFHFIRGTVVQCGVIPGHNAMQMKAMWAPATTNSATQGDYAITYQLVARADGSVEVWVNVEMSNIMNMRVILREVRIAVQRLA,QFR57578.1,MGFYAGRIGDKKVLSLTSGNNKDVNNHTNPGWDTIFHSDMPHVVVLETHERDLWDGGDWYRCTRMPDRIIQVLSADYDRVVLTEVEFEDGTRRFIYGTSLGVGAKAYNAYFSNTVGSQASAGTMASMKTNVCASADLHMDVSFYFEETPGTINEKLRDGTGCMYTWGVNSEWGDRGPGPPVGAPIRPNFETIIKAGWVLYRGAFSGNIAGSVSPPNRPLTIGADAMRHPWMRTTGVNSICLRGETLNRNIYGHMGPRYGKGSNPVGGPYAHNIQTESYQEVQYKAGFFRGPPNNFMGWENTDNNNAGSGWGNNAIYRDNNFRVPKRVRWYITNMKYNGQGFYAENVFGSRNQEIKISPREFIVNGINLMNTGWKFINQNDINYSPGNRPDIRVIATNVARFNGDATIGNNGYTQFNQPLTRPDNSAEFGQGNVSAMHVTTVGVYNFRSDAQWYVKSNPPEIGNQWGPVWSEATRPLRLVGGTGSADIGGNLRTSGNASHHLATLWLGVNNSRNGACVVTLDWKNDEWIAAAGIGCYNPLEDLTQWSEVDSRLRIFGNNFQKRVHQIMCLPVNMCVPFHFIRGTVVQCGVIPGHNAMQMKAMWAPATTNSATQGDYAITYWLVARADGSVEVWVNVEMSNIMNMRVILPEVRIAVQRLA,42,results/broad/linear_probe/seed_42/model.joblib,results/broad/linear_probe/seed_42/label_classes.json,8,WWD14686.1,Klebsiella,receptor binding tail protein,0.9995155930519104,0.9974824786186218,True,WWD14686.1,Klebsiella,receptor binding tail protein,0.9995155930519104,0.9974824786186218,True,WWD14686.1,Klebsiella,receptor binding tail protein,0.9995155930519104,0.9974824786186218,True,-2.8490004539489746,-3.492848873138428,0.6438484191894531,0.998499035835266,True,True,True,True,True,True,diversity,0.816528261870492
kleb_to_enterobacter_structural_entropy_diversity_novelty_seed44,/content/phageforge_extracted/phageforge/results/design_runs/kleb_to_enterobacter_structural_entropy_diversity_novelty_seed44,kleb_to_enterobacter_structural_entropy_diversity_novelty_seed44,round4_cand408,4,15,QFR57578.1,MN434096,Klebsiella,Enterobacter,Enterobacter,0.6111227554975234,0.5811440108118735,0.9992915391921996,0.0007084608078002,3,K22P;H27G;K523N,MGFYAGRIGDKKVLSLTSGNNPDVNNGTNPGWDTIFHSDMPHVVVLETHERDLWDGGDWYRCTRMPDRIIQVLSADYDRVVLTEVEFEDGTRRFIYGTSLGVGAKAYNAYFSNTVGSQASAGTMASMATNVCASADLHMDVSFYFEETPGTINEKLRDGTGCMYTWGVNSEWGDRGPGPPVGAPIRPNFETIIKAGWVLYRGAFSGNIAGSVSPPNRPLTIGADAMRHPWMRTTGVNSICLRGETLNRNIYGHMGPRYGKGSNPVGGPYAHNIQTESYQEVQYKAGFFRGPPNNFMGWENTDNNNAGSGWGNNAIYRDNNFRVPKRVRWYITNMKYNGQGFYAENVFGSRNQEIKISPREFIVNGINLMNTGNKFINQNDINYSPGNRPDIRVIATNVARFNGDATIGNNGYTQFNQPLTRPDNSAEFGQGNVSAMHVTTVGVYNFRSDAQWYVKSNPPEIGNQWGPVWSEATRPLRLVGGTGSADIGGNLRTSGNASHHLATLHLGVNNSRNGAPVVTLDRNNDETIAAAGIGCYNPLEDLTQWSEVDSRLRIFGNNFQKRVHQIMNLPVNMCVPFHFIRGTVVQCGVIPGHNAMQMKAMWAPATTNSATQGDYAITYWLVARADGSVEVWVNVEMSNIMNMRVILPEVRIAVQRLA,QFR57578.1,MGFYAGRIGDKKVLSLTSGNNKDVNNHTNPGWDTIFHSDMPHVVVLETHERDLWDGGDWYRCTRMPDRIIQVLSADYDRVVLTEVEFEDGTRRFIYGTSLGVGAKAYNAYFSNTVGSQASAGTMASMKTNVCASADLHMDVSFYFEETPGTINEKLRDGTGCMYTWGVNSEWGDRGPGPPVGAPIRPNFETIIKAGWVLYRGAFSGNIAGSVSPPNRPLTIGADAMRHPWMRTTGVNSICLRGETLNRNIYGHMGPRYGKGSNPVGGPYAHNIQTESYQEVQYKAGFFRGPPNNFMGWENTDNNNAGSGWGNNAIYRDNNFRVPKRVRWYITNMKYNGQGFYAENVFGSRNQEIKISPREFIVNGINLMNTGWKFINQNDINYSPGNRPDIRVIATNVARFNGDATIGNNGYTQFNQPLTRPDNSAEFGQGNVSAMHVTTVGVYNFRSDAQWYVKSNPPEIGNQWGPVWSEATRPLRLVGGTGSADIGGNLRTSGNASHHLATLWLGVNNSRNGACVVTLDWKNDEWIAAAGIGCYNPLEDLTQWSEVDSRLRIFGNNFQKRVHQIMCLPVNMCVPFHFIRGTVVQCGVIPGHNAMQMKAMWAPATTNSATQGDYAITYWLVARADGSVEVWVNVEMSNIMNMRVILPEVRIAVQRLA,44,results/broad/linear_probe/seed_42/model.joblib,results/broad/linear_probe/seed_42/label_classes.json,10,WWD14686.1,Klebsiella,receptor binding tail protein,0.9993098974227904,0.9969561696052552,True,WWD14686.1,Klebsiella,receptor binding tail protein,0.9993098974227904,0.9969561696052552,True,WWD14686.1,Klebsiella,receptor binding tail protein,0.9993098974227904,0.9969561696052552,True,-2.372267564137777,-3.807191848754883,1.434924284617106,0.9981330335140228,True,True,True,True,True,True,diversity_plus_novelty,0.3987705079215538
kleb_to_enterobacter_structural_entropy_diversity_seed44,/content/phageforge_extracted/phageforge/results/design_runs/kleb_to_enterobacter_structural_entropy_diversity_seed44,kleb_to_enterobacter_structural_entropy_diversity_seed44,round4_cand408,4,15,QFR57578.1,MN434096,Klebsiella,Enterobacter,Enterobacter,0.6111227554975234,0.6111227554975234,0.9992915391921996,0.0007084608078002,3,K22P;H27G;K523N,MGFYAGRIGDKKVLSLTSGNNPDVNNGTNPGWDTIFHSDMPHVVVLETHERDLWDGGDWYRCTRMPDRIIQVLSADYDRVVLTEVEFEDGTRRFIYGTSLGVGAKAYNAYFSNTVGSQASAGTMASMATNVCASADLHMDVSFYFEETPGTINEKLRDGTGCMYTWGVNSEWGDRGPGPPVGAPIRPNFETIIKAGWVLYRGAFSGNIAGSVSPPNRPLTIGADAMRHPWMRTTGVNSICLRGETLNRNIYGHMGPRYGKGSNPVGGPYAHNIQTESYQEVQYKAGFFRGPPNNFMGWENTDNNNAGSGWGNNAIYRDNNFRVPKRVRWYITNMKYNGQGFYAENVFGSRNQEIKISPREFIVNGINLMNTGNKFINQNDINYSPGNRPDIRVIATNVARFNGDATIGNNGYTQFNQPLTRPDNSAEFGQGNVSAMHVTTVGVYNFRSDAQWYVKSNPPEIGNQWGPVWSEATRPLRLVGGTGSADIGGNLRTSGNASHHLATLHLGVNNSRNGAPVVTLDRNNDETIAAAGIGCYNPLEDLTQWSEVDSRLRIFGNNFQKRVHQIMNLPVNMCVPFHFIRGTVVQCGVIPGHNAMQMKAMWAPATTNSATQGDYAITYWLVARADGSVEVWVNVEMSNIMNMRVILPEVRIAVQRLA,QFR57578.1,MGFYAGRIGDKKVLSLTSGNNKDVNNHTNPGWDTIFHSDMPHVVVLETHERDLWDGGDWYRCTRMPDRIIQVLSADYDRVVLTEVEFEDGTRRFIYGTSLGVGAKAYNAYFSNTVGSQASAGTMASMKTNVCASADLHMDVSFYFEETPGTINEKLRDGTGCMYTWGVNSEWGDRGPGPPVGAPIRPNFETIIKAGWVLYRGAFSGNIAGSVSPPNRPLTIGADAMRHPWMRTTGVNSICLRGETLNRNIYGHMGPRYGKGSNPVGGPYAHNIQTESYQEVQYKAGFFRGPPNNFMGWENTDNNNAGSGWGNNAIYRDNNFRVPKRVRWYITNMKYNGQGFYAENVFGSRNQEIKISPREFIVNGINLMNTGWKFINQNDINYSPGNRPDIRVIATNVARFNGDATIGNNGYTQFNQPLTRPDNSAEFGQGNVSAMHVTTVGVYNFRSDAQWYVKSNPPEIGNQWGPVWSEATRPLRLVGGTGSADIGGNLRTSGNASHHLATLWLGVNNSRNGACVVTLDWKNDEWIAAAGIGCYNPLEDLTQWSEVDSRLRIFGNNFQKRVHQIMCLPVNMCVPFHFIRGTVVQCGVIPGHNAMQMKAMWAPATTNSATQGDYAITYWLVARADGSVEVWVNVEMSNIMNMRVILPEVRIAVQRLA,44,results/broad/linear_probe/seed_42/model.joblib,results/broad/linear_probe/seed_42/label_classes.json,10,WWD14686.1,Klebsiella,receptor binding tail protein,0.9993098974227904,0.9969561696052552,True,WWD14686.1,Klebsiella,receptor binding tail protein,0.9993098974227904,0.9969561696052552,True,WWD14686.1,Klebsiella,receptor binding tail protein,0.9993098974227904,0.9969561696052552,True,-2.372267564137777,-3.807191848754883,1.434924284617106,0.9981330335140228,True,True,True,True,True,True,diversity,0.3987705079215538
kleb_to_enterobacter_structural_plus_entropy_diversity_novelty_seed44,/content/phageforge_extracted/phageforge/results/design_runs/kleb_to_enterobacter_structural_plus_entropy_diversity_novelty_seed44,kleb_to_enterobacter_structural_plus_entropy_diversity_novelty_seed44,round4_cand408,4,15,QFR57578.1,MN434096,Klebsiella,Enterobacter,Enterobacter,0.6111227554975234,0.5811440108118735,0.9992915391921996,0.0007084608078002,3,K22P;H27G;K523N,MGFYAGRIGDKKVLSLTSGNNPDVNNGTNPGWDTIFHSDMPHVVVLETHERDLWDGGDWYRCTRMPDRIIQVLSADYDRVVLTEVEFEDGTRRFIYGTSLGVGAKAYNAYFSNTVGSQASAGTMASMATNVCASADLHMDVSFYFEETPGTINEKLRDGTGCMYTWGVNSEWGDRGPGPPVGAPIRPNFETIIKAGWVLYRGAFSGNIAGSVSPPNRPLTIGADAMRHPWMRTTGVNSICLRGETLNRNIYGHMGPRYGKGSNPVGGPYAHNIQTESYQEVQYKAGFFRGPPNNFMGWENTDNNNAGSGWGNNAIYRDNNFRVPKRVRWYITNMKYNGQGFYAENVFGSRNQEIKISPREFIVNGINLMNTGNKFINQNDINYSPGNRPDIRVIATNVARFNGDATIGNNGYTQFNQPLTRPDNSAEFGQGNVSAMHVTTVGVYNFRSDAQWYVKSNPPEIGNQWGPVWSEATRPLRLVGGTGSADIGGNLRTSGNASHHLATLHLGVNNSRNGAPVVTLDRNNDETIAAAGIGCYNPLEDLTQWSEVDSRLRIFGNNFQKRVHQIMNLPVNMCVPFHFIRGTVVQCGVIPGHNAMQMKAMWAPATTNSATQGDYAITYWLVARADGSVEVWVNVEMSNIMNMRVILPEVRIAVQRLA,QFR57578.1,MGFYAGRIGDKKVLSLTSGNNKDVNNHTNPGWDTIFHSDMPHVVVLETHERDLWDGGDWYRCTRMPDRIIQVLSADYDRVVLTEVEFEDGTRRFIYGTSLGVGAKAYNAYFSNTVGSQASAGTMASMKTNVCASADLHMDVSFYFEETPGTINEKLRDGTGCMYTWGVNSEWGDRGPGPPVGAPIRPNFETIIKAGWVLYRGAFSGNIAGSVSPPNRPLTIGADAMRHPWMRTTGVNSICLRGETLNRNIYGHMGPRYGKGSNPVGGPYAHNIQTESYQEVQYKAGFFRGPPNNFMGWENTDNNNAGSGWGNNAIYRDNNFRVPKRVRWYITNMKYNGQGFYAENVFGSRNQEIKISPREFIVNGINLMNTGWKFINQNDINYSPGNRPDIRVIATNVARFNGDATIGNNGYTQFNQPLTRPDNSAEFGQGNVSAMHVTTVGVYNFRSDAQWYVKSNPPEIGNQWGPVWSEATRPLRLVGGTGSADIGGNLRTSGNASHHLATLWLGVNNSRNGACVVTLDWKNDEWIAAAGIGCYNPLEDLTQWSEVDSRLRIFGNNFQKRVHQIMCLPVNMCVPFHFIRGTVVQCGVIPGHNAMQMKAMWAPATTNSATQGDYAITYWLVARADGSVEVWVNVEMSNIMNMRVILPEVRIAVQRLA,44,results/broad/linear_probe/seed_42/model.joblib,results/broad/linear_probe/seed_42/label_classes.json,10,WWD14686.1,Klebsiella,receptor binding tail protein,0.9993098974227904,0.9969561696052552,True,WWD14686.1,Klebsiella,receptor binding tail protein,0.9993098974227904,0.9969561696052552,True,WWD14686.1,Klebsiella,receptor binding tail protein,0.9993098974227904,0.9969561696052552,True,-2.372267564137777,-3.807191848754883,1.434924284617106,0.9981330335140228,True,True,True,True,True,True,diversity_plus_novelty,0.3987705079215538
kleb_to_enterobacter_structural_plus_entropy_diversity_seed44,/content/phageforge_extracted/phageforge/results/design_runs/kleb_to_enterobacter_structural_plus_entropy_diversity_seed44,kleb_to_enterobacter_structural_plus_entropy_diversity_seed44,round4_cand408,4,15,QFR57578.1,MN434096,Klebsiella,Enterobacter,Enterobacter,0.6111227554975234,0.6111227554975234,0.9992915391921996,0.0007084608078002,3,K22P;H27G;K523N,MGFYAGRIGDKKVLSLTSGNNPDVNNGTNPGWDTIFHSDMPHVVVLETHERDLWDGGDWYRCTRMPDRIIQVLSADYDRVVLTEVEFEDGTRRFIYGTSLGVGAKAYNAYFSNTVGSQASAGTMASMATNVCASADLHMDVSFYFEETPGTINEKLRDGTGCMYTWGVNSEWGDRGPGPPVGAPIRPNFETIIKAGWVLYRGAFSGNIAGSVSPPNRPLTIGADAMRHPWMRTTGVNSICLRGETLNRNIYGHMGPRYGKGSNPVGGPYAHNIQTESYQEVQYKAGFFRGPPNNFMGWENTDNNNAGSGWGNNAIYRDNNFRVPKRVRWYITNMKYNGQGFYAENVFGSRNQEIKISPREFIVNGINLMNTGNKFINQNDINYSPGNRPDIRVIATNVARFNGDATIGNNGYTQFNQPLTRPDNSAEFGQGNVSAMHVTTVGVYNFRSDAQWYVKSNPPEIGNQWGPVWSEATRPLRLVGGTGSADIGGNLRTSGNASHHLATLHLGVNNSRNGAPVVTLDRNNDETIAAAGIGCYNPLEDLTQWSEVDSRLRIFGNNFQKRVHQIMNLPVNMCVPFHFIRGTVVQCGVIPGHNAMQMKAMWAPATTNSATQGDYAITYWLVARADGSVEVWVNVEMSNIMNMRVILPEVRIAVQRLA,QFR57578.1,MGFYAGRIGDKKVLSLTSGNNKDVNNHTNPGWDTIFHSDMPHVVVLETHERDLWDGGDWYRCTRMPDRIIQVLSADYDRVVLTEVEFEDGTRRFIYGTSLGVGAKAYNAYFSNTVGSQASAGTMASMKTNVCASADLHMDVSFYFEETPGTINEKLRDGTGCMYTWGVNSEWGDRGPGPPVGAPIRPNFETIIKAGWVLYRGAFSGNIAGSVSPPNRPLTIGADAMRHPWMRTTGVNSICLRGETLNRNIYGHMGPRYGKGSNPVGGPYAHNIQTESYQEVQYKAGFFRGPPNNFMGWENTDNNNAGSGWGNNAIYRDNNFRVPKRVRWYITNMKYNGQGFYAENVFGSRNQEIKISPREFIVNGINLMNTGWKFINQNDINYSPGNRPDIRVIATNVARFNGDATIGNNGYTQFNQPLTRPDNSAEFGQGNVSAMHVTTVGVYNFRSDAQWYVKSNPPEIGNQWGPVWSEATRPLRLVGGTGSADIGGNLRTSGNASHHLATLWLGVNNSRNGACVVTLDWKNDEWIAAAGIGCYNPLEDLTQWSEVDSRLRIFGNNFQKRVHQIMCLPVNMCVPFHFIRGTVVQCGVIPGHNAMQMKAMWAPATTNSATQGDYAITYWLVARADGSVEVWVNVEMSNIMNMRVILPEVRIAVQRLA,44,results/broad/linear_probe/seed_42/model.joblib,results/broad/linear_probe/seed_42/label_classes.json,10,WWD14686.1,Klebsiella,receptor binding tail protein,0.9993098974227904,0.9969561696052552,True,WWD14686.1,Klebsiella,receptor binding tail protein,0.9993098974227904,0.9969561696052552,True,WWD14686.1,Klebsiella,receptor binding tail protein,0.9993098974227904,0.9969561696052552,True,-2.372267564137777,-3.807191848754883,1.434924284617106,0.9981330335140228,True,True,True,True,True,True,diversity,0.3987705079215538
optionA_confirm_kleb_to_enterobacter_structural_entropy_diversity_novelty_l5p0_seed44,/content/phageforge_extracted/phageforge/results/design_runs/optionA_confirm_kleb_to_enterobacter_structural_entropy_diversity_novelty_l5p0_seed44,optionA_confirm_kleb_to_enterobacter_structural_entropy_diversity_novelty_l5p0_seed44,round4_cand408,4,19,QFR57578.1,MN434096,Klebsiella,Enterobacter,Enterobacter,0.6111227554975234,-4.385334821254186,0.9992915391921996,0.0007084608078002,3,K22P;H27G;K523N,MGFYAGRIGDKKVLSLTSGNNPDVNNGTNPGWDTIFHSDMPHVVVLETHERDLWDGGDWYRCTRMPDRIIQVLSADYDRVVLTEVEFEDGTRRFIYGTSLGVGAKAYNAYFSNTVGSQASAGTMASMATNVCASADLHMDVSFYFEETPGTINEKLRDGTGCMYTWGVNSEWGDRGPGPPVGAPIRPNFETIIKAGWVLYRGAFSGNIAGSVSPPNRPLTIGADAMRHPWMRTTGVNSICLRGETLNRNIYGHMGPRYGKGSNPVGGPYAHNIQTESYQEVQYKAGFFRGPPNNFMGWENTDNNNAGSGWGNNAIYRDNNFRVPKRVRWYITNMKYNGQGFYAENVFGSRNQEIKISPREFIVNGINLMNTGNKFINQNDINYSPGNRPDIRVIATNVARFNGDATIGNNGYTQFNQPLTRPDNSAEFGQGNVSAMHVTTVGVYNFRSDAQWYVKSNPPEIGNQWGPVWSEATRPLRLVGGTGSADIGGNLRTSGNASHHLATLHLGVNNSRNGAPVVTLDRNNDETIAAAGIGCYNPLEDLTQWSEVDSRLRIFGNNFQKRVHQIMNLPVNMCVPFHFIRGTVVQCGVIPGHNAMQMKAMWAPATTNSATQGDYAITYWLVARADGSVEVWVNVEMSNIMNMRVILPEVRIAVQRLA,QFR57578.1,MGFYAGRIGDKKVLSLTSGNNKDVNNHTNPGWDTIFHSDMPHVVVLETHERDLWDGGDWYRCTRMPDRIIQVLSADYDRVVLTEVEFEDGTRRFIYGTSLGVGAKAYNAYFSNTVGSQASAGTMASMKTNVCASADLHMDVSFYFEETPGTINEKLRDGTGCMYTWGVNSEWGDRGPGPPVGAPIRPNFETIIKAGWVLYRGAFSGNIAGSVSPPNRPLTIGADAMRHPWMRTTGVNSICLRGETLNRNIYGHMGPRYGKGSNPVGGPYAHNIQTESYQEVQYKAGFFRGPPNNFMGWENTDNNNAGSGWGNNAIYRDNNFRVPKRVRWYITNMKYNGQGFYAENVFGSRNQEIKISPREFIVNGINLMNTGWKFINQNDINYSPGNRPDIRVIATNVARFNGDATIGNNGYTQFNQPLTRPDNSAEFGQGNVSAMHVTTVGVYNFRSDAQWYVKSNPPEIGNQWGPVWSEATRPLRLVGGTGSADIGGNLRTSGNASHHLATLWLGVNNSRNGACVVTLDWKNDEWIAAAGIGCYNPLEDLTQWSEVDSRLRIFGNNFQKRVHQIMCLPVNMCVPFHFIRGTVVQCGVIPGHNAMQMKAMWAPATTNSATQGDYAITYWLVARADGSVEVWVNVEMSNIMNMRVILPEVRIAVQRLA,44,results/broad/linear_probe/seed_42/model.joblib,results/broad/linear_probe/seed_42/label_classes.json,10,WWD14686.1,Klebsiella,receptor binding tail protein,0.9993098974227904,0.9969561696052552,True,WWD14686.1,Klebsiella,receptor binding tail protein,0.9993098974227904,0.9969561696052552,True,WWD14686.1,Klebsiella,receptor binding tail protein,0.9993098974227904,0.9969561696052552,True,-2.372267564137777,-3.807191848754883,1.434924284617106,0.9981330335140228,True,True,True,True,True,True,diversity_plus_novelty,0.3987705079215538
kleb_to_enterobacter_structural_plus_random_diversity_seed44,/content/phageforge_extracted/phageforge/results/design_runs/kleb_to_enterobacter_structural_plus_random_diversity_seed44,kleb_to_enterobacter_structural_plus_random_diversity_seed44,round4_cand18,4,31,QFR57578.1,MN434096,Klebsiella,Enterobacter,Enterobacter,0.5377196226568063,0.5377196226568063,0.999650776386261,0.000349223613739,3,G2S;S117N;G411N,MSFYAGRIGDKKVLSLTSGNNKDVNNHTNPGLDTIFHSDMPHVVVLETHNRDLWDGGDWYRCTRMPDRIIQVLSADYDRVVLTEVEFEDGTRRFIYGTSLGVGAKAYNAYFSNTVGNQASAGTMASMKTNVCASADLHMDVSFYFEETPGTINEKLRDGTGCMYTWGVNSEGGDRGPGPPVGAPIRPNFETIIKAGWVLYRGAFSGNIAGSVSPPNRPLTIGADAMRHPWMRTTGVNSICLRGETLNRNIYGHMGPRYGKGSNPVGGPYAHNIQTESYQEVQYKAGFFRGPPNNFMGWENTDNNNAGSGWGNNAIYRDNNFRVPKRVRWYITNMKYNGQGFYAENVFGSRNQEVKISPREFIVNGINLMNTGWKFINQNDINYSPGNRPDIRVIATNVARFNGDATIGNNNYTQFNQPLTRPDNSAEFGQGNVSAMHVTTVGVYNFRSDAQWYVRSNPPEIGNQWGPVWSEATRPLRLVGGTGSADIGGNLRTSGNASHHLATLWLGVNNTRNGACVVTLDWKNDEWITAAGIGCYNPLEDLTQWSEVDSRLRIFGNNFQKRVHQIMCLPVNMCVPFHFIRGTVVQCGVIPGHNAMQMKAMWAPATTNSATQGDYAITYWLVARADGSVEVNVNVEMSNIMNMRVILPEVRIAVQRLA,QFR57578.1,MGFYAGRIGDKKVLSLTSGNNKDVNNHTNPGWDTIFHSDMPHVVVLETHERDLWDGGDWYRCTRMPDRIIQVLSADYDRVVLTEVEFEDGTRRFIYGTSLGVGAKAYNAYFSNTVGSQASAGTMASMKTNVCASADLHMDVSFYFEETPGTINEKLRDGTGCMYTWGVNSEWGDRGPGPPVGAPIRPNFETIIKAGWVLYRGAFSGNIAGSVSPPNRPLTIGADAMRHPWMRTTGVNSICLRGETLNRNIYGHMGPRYGKGSNPVGGPYAHNIQTESYQEVQYKAGFFRGPPNNFMGWENTDNNNAGSGWGNNAIYRDNNFRVPKRVRWYITNMKYNGQGFYAENVFGSRNQEIKISPREFIVNGINLMNTGWKFINQNDINYSPGNRPDIRVIATNVARFNGDATIGNNGYTQFNQPLTRPDNSAEFGQGNVSAMHVTTVGVYNFRSDAQWYVKSNPPEIGNQWGPVWSEATRPLRLVGGTGSADIGGNLRTSGNASHHLATLWLGVNNSRNGACVVTLDWKNDEWIAAAGIGCYNPLEDLTQWSEVDSRLRIFGNNFQKRVHQIMCLPVNMCVPFHFIRGTVVQCGVIPGHNAMQMKAMWAPATTNSATQGDYAITYWLVARADGSVEVWVNVEMSNIMNMRVILPEVRIAVQRLA,44,results/broad/linear_probe/seed_42/model.joblib,results/broad/linear_probe/seed_42/label_classes.json,11,WWD14686.1,Klebsiella,receptor binding tail protein,0.9996554255485536,0.997314453125,True,WWD14686.1,Klebsiella,receptor binding tail protein,0.9996554255485536,0.997314453125,True,WWD14686.1,Klebsiella,receptor binding tail protein,0.9996554255485536,0.997314453125,True,-2.4174207846323648,-2.135559320449829,-0.2818614641825356,0.9984849393367768,True,True,True,True,True,True,diversity,0.12159813792875307
kleb_to_enterobacter_structural_plus_random_no_diversity_seed44,/content/phageforge_extracted/phageforge/results/design_runs/kleb_to_enterobacter_structural_plus_random_no_diversity_seed44,kleb_to_enterobacter_structural_plus_random_no_diversity_seed44,round4_cand18,4,31,QFR57578.1,MN434096,Klebsiella,Enterobacter,Enterobacter,0.5377196226568063,0.5377196226568063,0.9996508,0.0003492236,3,G2S;S117N;G411N,MSFYAGRIGDKKVLSLTSGNNKDVNNHTNPGLDTIFHSDMPHVVVLETHNRDLWDGGDWYRCTRMPDRIIQVLSADYDRVVLTEVEFEDGTRRFIYGTSLGVGAKAYNAYFSNTVGNQASAGTMASMKTNVCASADLHMDVSFYFEETPGTINEKLRDGTGCMYTWGVNSEGGDRGPGPPVGAPIRPNFETIIKAGWVLYRGAFSGNIAGSVSPPNRPLTIGADAMRHPWMRTTGVNSICLRGETLNRNIYGHMGPRYGKGSNPVGGPYAHNIQTESYQEVQYKAGFFRGPPNNFMGWENTDNNNAGSGWGNNAIYRDNNFRVPKRVRWYITNMKYNGQGFYAENVFGSRNQEVKISPREFIVNGINLMNTGWKFINQNDINYSPGNRPDIRVIATNVARFNGDATIGNNNYTQFNQPLTRPDNSAEFGQGNVSAMHVTTVGVYNFRSDAQWYVRSNPPEIGNQWGPVWSEATRPLRLVGGTGSADIGGNLRTSGNASHHLATLWLGVNNTRNGACVVTLDWKNDEWITAAGIGCYNPLEDLTQWSEVDSRLRIFGNNFQKRVHQIMCLPVNMCVPFHFIRGTVVQCGVIPGHNAMQMKAMWAPATTNSATQGDYAITYWLVARADGSVEVNVNVEMSNIMNMRVILPEVRIAVQRLA,QFR57578.1,MGFYAGRIGDKKVLSLTSGNNKDVNNHTNPGWDTIFHSDMPHVVVLETHERDLWDGGDWYRCTRMPDRIIQVLSADYDRVVLTEVEFEDGTRRFIYGTSLGVGAKAYNAYFSNTVGSQASAGTMASMKTNVCASADLHMDVSFYFEETPGTINEKLRDGTGCMYTWGVNSEWGDRGPGPPVGAPIRPNFETIIKAGWVLYRGAFSGNIAGSVSPPNRPLTIGADAMRHPWMRTTGVNSICLRGETLNRNIYGHMGPRYGKGSNPVGGPYAHNIQTESYQEVQYKAGFFRGPPNNFMGWENTDNNNAGSGWGNNAIYRDNNFRVPKRVRWYITNMKYNGQGFYAENVFGSRNQEIKISPREFIVNGINLMNTGWKFINQNDINYSPGNRPDIRVIATNVARFNGDATIGNNGYTQFNQPLTRPDNSAEFGQGNVSAMHVTTVGVYNFRSDAQWYVKSNPPEIGNQWGPVWSEATRPLRLVGGTGSADIGGNLRTSGNASHHLATLWLGVNNSRNGACVVTLDWKNDEWIAAAGIGCYNPLEDLTQWSEVDSRLRIFGNNFQKRVHQIMCLPVNMCVPFHFIRGTVVQCGVIPGHNAMQMKAMWAPATTNSATQGDYAITYWLVARADGSVEVWVNVEMSNIMNMRVILPEVRIAVQRLA,44,results/broad/linear_probe/seed_42/model.joblib,results/broad/linear_probe/seed_42/label_classes.json,11,WWD14686.1,Klebsiella,receptor binding tail protein,0.9996554255485536,0.997314453125,True,WWD14686.1,Klebsiella,receptor binding tail protein,0.9996554255485536,0.997314453125,True,WWD14686.1,Klebsiella,receptor binding tail protein,0.9996554255485536,0.997314453125,True,-2.4174207846323648,-2.135559320449829,-0.2818614641825356,0.9984849393367768,True,True,True,True,True,True,diversity,0.12159813792875307
kleb_to_enterobacter_structural_random_diversity_seed44,/content/phageforge_extracted/phageforge/results/design_runs/kleb_to_enterobacter_structural_random_diversity_seed44,kleb_to_enterobacter_structural_random_diversity_seed44,round4_cand18,4,31,QFR57578.1,MN434096,Klebsiella,Enterobacter,Enterobacter,0.5377196226568063,0.5377196226568063,0.999650776386261,0.000349223613739,3,G2S;S117N;G411N,MSFYAGRIGDKKVLSLTSGNNKDVNNHTNPGLDTIFHSDMPHVVVLETHNRDLWDGGDWYRCTRMPDRIIQVLSADYDRVVLTEVEFEDGTRRFIYGTSLGVGAKAYNAYFSNTVGNQASAGTMASMKTNVCASADLHMDVSFYFEETPGTINEKLRDGTGCMYTWGVNSEGGDRGPGPPVGAPIRPNFETIIKAGWVLYRGAFSGNIAGSVSPPNRPLTIGADAMRHPWMRTTGVNSICLRGETLNRNIYGHMGPRYGKGSNPVGGPYAHNIQTESYQEVQYKAGFFRGPPNNFMGWENTDNNNAGSGWGNNAIYRDNNFRVPKRVRWYITNMKYNGQGFYAENVFGSRNQEVKISPREFIVNGINLMNTGWKFINQNDINYSPGNRPDIRVIATNVARFNGDATIGNNNYTQFNQPLTRPDNSAEFGQGNVSAMHVTTVGVYNFRSDAQWYVRSNPPEIGNQWGPVWSEATRPLRLVGGTGSADIGGNLRTSGNASHHLATLWLGVNNTRNGACVVTLDWKNDEWITAAGIGCYNPLEDLTQWSEVDSRLRIFGNNFQKRVHQIMCLPVNMCVPFHFIRGTVVQCGVIPGHNAMQMKAMWAPATTNSATQGDYAITYWLVARADGSVEVNVNVEMSNIMNMRVILPEVRIAVQRLA,QFR57578.1,MGFYAGRIGDKKVLSLTSGNNKDVNNHTNPGWDTIFHSDMPHVVVLETHERDLWDGGDWYRCTRMPDRIIQVLSADYDRVVLTEVEFEDGTRRFIYGTSLGVGAKAYNAYFSNTVGSQASAGTMASMKTNVCASADLHMDVSFYFEETPGTINEKLRDGTGCMYTWGVNSEWGDRGPGPPVGAPIRPNFETIIKAGWVLYRGAFSGNIAGSVSPPNRPLTIGADAMRHPWMRTTGVNSICLRGETLNRNIYGHMGPRYGKGSNPVGGPYAHNIQTESYQEVQYKAGFFRGPPNNFMGWENTDNNNAGSGWGNNAIYRDNNFRVPKRVRWYITNMKYNGQGFYAENVFGSRNQEIKISPREFIVNGINLMNTGWKFINQNDINYSPGNRPDIRVIATNVARFNGDATIGNNGYTQFNQPLTRPDNSAEFGQGNVSAMHVTTVGVYNFRSDAQWYVKSNPPEIGNQWGPVWSEATRPLRLVGGTGSADIGGNLRTSGNASHHLATLWLGVNNSRNGACVVTLDWKNDEWIAAAGIGCYNPLEDLTQWSEVDSRLRIFGNNFQKRVHQIMCLPVNMCVPFHFIRGTVVQCGVIPGHNAMQMKAMWAPATTNSATQGDYAITYWLVARADGSVEVWVNVEMSNIMNMRVILPEVRIAVQRLA,44,results/broad/linear_probe/seed_42/model.joblib,results/broad/linear_probe/seed_42/label_classes.json,11,WWD14686.1,Klebsiella,receptor binding tail protein,0.9996554255485536,0.997314453125,True,WWD14686.1,Klebsiella,receptor binding tail protein,0.9996554255485536,0.997314453125,True,WWD14686.1,Klebsiella,receptor binding tail protein,0.9996554255485536,0.997314453125,True,-2.4174207846323648,-2.135559320449829,-0.2818614641825356,0.9984849393367768,True,True,True,True,True,True,diversity,0.12159813792875307
kleb_to_enterobacter_structural_random_no_diversity_seed44,/content/phageforge_extracted/phageforge/results/design_runs/kleb_to_enterobacter_structural_random_no_diversity_seed44,kleb_to_enterobacter_structural_random_no_diversity_seed44,round4_cand18,4,31,QFR57578.1,MN434096,Klebsiella,Enterobacter,Enterobacter,0.5377196226568063,0.5377196226568063,0.9996508,0.0003492236,3,G2S;S117N;G411N,MSFYAGRIGDKKVLSLTSGNNKDVNNHTNPGLDTIFHSDMPHVVVLETHNRDLWDGGDWYRCTRMPDRIIQVLSADYDRVVLTEVEFEDGTRRFIYGTSLGVGAKAYNAYFSNTVGNQASAGTMASMKTNVCASADLHMDVSFYFEETPGTINEKLRDGTGCMYTWGVNSEGGDRGPGPPVGAPIRPNFETIIKAGWVLYRGAFSGNIAGSVSPPNRPLTIGADAMRHPWMRTTGVNSICLRGETLNRNIYGHMGPRYGKGSNPVGGPYAHNIQTESYQEVQYKAGFFRGPPNNFMGWENTDNNNAGSGWGNNAIYRDNNFRVPKRVRWYITNMKYNGQGFYAENVFGSRNQEVKISPREFIVNGINLMNTGWKFINQNDINYSPGNRPDIRVIATNVARFNGDATIGNNNYTQFNQPLTRPDNSAEFGQGNVSAMHVTTVGVYNFRSDAQWYVRSNPPEIGNQWGPVWSEATRPLRLVGGTGSADIGGNLRTSGNASHHLATLWLGVNNTRNGACVVTLDWKNDEWITAAGIGCYNPLEDLTQWSEVDSRLRIFGNNFQKRVHQIMCLPVNMCVPFHFIRGTVVQCGVIPGHNAMQMKAMWAPATTNSATQGDYAITYWLVARADGSVEVNVNVEMSNIMNMRVILPEVRIAVQRLA,QFR57578.1,MGFYAGRIGDKKVLSLTSGNNKDVNNHTNPGWDTIFHSDMPHVVVLETHERDLWDGGDWYRCTRMPDRIIQVLSADYDRVVLTEVEFEDGTRRFIYGTSLGVGAKAYNAYFSNTVGSQASAGTMASMKTNVCASADLHMDVSFYFEETPGTINEKLRDGTGCMYTWGVNSEWGDRGPGPPVGAPIRPNFETIIKAGWVLYRGAFSGNIAGSVSPPNRPLTIGADAMRHPWMRTTGVNSICLRGETLNRNIYGHMGPRYGKGSNPVGGPYAHNIQTESYQEVQYKAGFFRGPPNNFMGWENTDNNNAGSGWGNNAIYRDNNFRVPKRVRWYITNMKYNGQGFYAENVFGSRNQEIKISPREFIVNGINLMNTGWKFINQNDINYSPGNRPDIRVIATNVARFNGDATIGNNGYTQFNQPLTRPDNSAEFGQGNVSAMHVTTVGVYNFRSDAQWYVKSNPPEIGNQWGPVWSEATRPLRLVGGTGSADIGGNLRTSGNASHHLATLWLGVNNSRNGACVVTLDWKNDEWIAAAGIGCYNPLEDLTQWSEVDSRLRIFGNNFQKRVHQIMCLPVNMCVPFHFIRGTVVQCGVIPGHNAMQMKAMWAPATTNSATQGDYAITYWLVARADGSVEVWVNVEMSNIMNMRVILPEVRIAVQRLA,44,results/broad/linear_probe/seed_42/model.joblib,results/broad/linear_probe/seed_42/label_classes.json,11,WWD14686.1,Klebsiella,receptor binding tail protein,0.9996554255485536,0.997314453125,True,WWD14686.1,Klebsiella,receptor binding tail protein,0.9996554255485536,0.997314453125,True,WWD14686.1,Klebsiella,receptor binding tail protein,0.9996554255485536,0.997314453125,True,-2.4174207846323648,-2.135559320449829,-0.2818614641825356,0.9984849393367768,True,True,True,True,True,True,diversity,0.12159813792875307
kleb_to_enterobacter_structural_entropy_diversity_novelty_seed43,/content/phageforge_extracted/phageforge/results/design_runs/kleb_to_enterobacter_structural_entropy_diversity_novelty_seed43,kleb_to_enterobacter_structural_entropy_diversity_novelty_seed43,round4_cand53,4,16,QFR57578.1,MN434096,Klebsiella,Enterobacter,Enterobacter,0.616998284007376,0.5870246075791772,0.9991225600242616,0.0008774399757385,3,K22T;M334N;W620E,MGFYAGRIGDKKVLSLTSGNNTDVNNHTNPGWDTIFHSDMPHVVVLETHERDLWDGGDWYRCTRMPDRIIQVLSADYDRVVLTEVEFEDGTRRFIYGTSLGVGAKAYNAYFSNTVGSQASAGTMASMVTNVCASADLHMDVSFYFEETPGTINEKLRDGTGCMYTWGVNSEWGDRGPGPPVGAPIRPNFETIIKAGWVLYRGAFSGNIAGSVSPPNRPLTIGADAMRHPWMRTTGVNSICLRGETLNRNIYGHMGPRYGAGSNPVGGPYAHNIQTESYQEVQYKAGFFRGPPNNFMGWENTDNNNAGSGWGNNAIYRDNNFRVPKRVRNYITNNKYNGQGFYAENVFGSRNQEIKISPREFIVNGINLMNTGTFFINQNDINYSPGNRPDIRVIATNVARFNGDATIGNNGYTQFNQPLTRPDNSAEFGQGNVSAMHVTTVGVYNFRSDAQWYVKSNPPEIGNQWGPVWSEATRPLRLVGGTGSADIGGNLRTSGNASHHLATLSLGVNNSRNGANVVTLDTKNDEWIAAAGIGCYNPLEDLTQWSEVDSRLRIFGNNFQKRVHQIMCLPVNMRVPFHFIRGTVVQCGVIPGHNAMQMKAMWAPATTNSATQGDYAITYELVARADGSVEVWVNVEMSNIMNMRVILPEVRIAVQRLA,QFR57578.1,MGFYAGRIGDKKVLSLTSGNNKDVNNHTNPGWDTIFHSDMPHVVVLETHERDLWDGGDWYRCTRMPDRIIQVLSADYDRVVLTEVEFEDGTRRFIYGTSLGVGAKAYNAYFSNTVGSQASAGTMASMKTNVCASADLHMDVSFYFEETPGTINEKLRDGTGCMYTWGVNSEWGDRGPGPPVGAPIRPNFETIIKAGWVLYRGAFSGNIAGSVSPPNRPLTIGADAMRHPWMRTTGVNSICLRGETLNRNIYGHMGPRYGKGSNPVGGPYAHNIQTESYQEVQYKAGFFRGPPNNFMGWENTDNNNAGSGWGNNAIYRDNNFRVPKRVRWYITNMKYNGQGFYAENVFGSRNQEIKISPREFIVNGINLMNTGWKFINQNDINYSPGNRPDIRVIATNVARFNGDATIGNNGYTQFNQPLTRPDNSAEFGQGNVSAMHVTTVGVYNFRSDAQWYVKSNPPEIGNQWGPVWSEATRPLRLVGGTGSADIGGNLRTSGNASHHLATLWLGVNNSRNGACVVTLDWKNDEWIAAAGIGCYNPLEDLTQWSEVDSRLRIFGNNFQKRVHQIMCLPVNMCVPFHFIRGTVVQCGVIPGHNAMQMKAMWAPATTNSATQGDYAITYWLVARADGSVEVWVNVEMSNIMNMRVILPEVRIAVQRLA,43,results/broad/linear_probe/seed_42/model.joblib,results/broad/linear_probe/seed_42/label_classes.json,12,WWD14686.1,Klebsiella,receptor binding tail protein,0.9991291761398317,0.9967836141586304,True,WWD14686.1,Klebsiella,receptor binding tail protein,0.9991291761398317,0.9967836141586304,True,WWD14686.1,Klebsiella,receptor binding tail protein,0.9991291761398317,0.9967836141586304,True,-2.590747356414795,-3.883000055948893,1.2922526995340982,0.997956395149231,True,True,True,True,True,True,diversity_plus_novelty,-0.08990584016548511
kleb_to_enterobacter_structural_entropy_diversity_seed43,/content/phageforge_extracted/phageforge/results/design_runs/kleb_to_enterobacter_structural_entropy_diversity_seed43,kleb_to_enterobacter_structural_entropy_diversity_seed43,round4_cand53,4,16,QFR57578.1,MN434096,Klebsiella,Enterobacter,Enterobacter,0.616998284007376,0.616998284007376,0.9991225600242616,0.0008774399757385,3,K22T;M334N;W620E,MGFYAGRIGDKKVLSLTSGNNTDVNNHTNPGWDTIFHSDMPHVVVLETHERDLWDGGDWYRCTRMPDRIIQVLSADYDRVVLTEVEFEDGTRRFIYGTSLGVGAKAYNAYFSNTVGSQASAGTMASMVTNVCASADLHMDVSFYFEETPGTINEKLRDGTGCMYTWGVNSEWGDRGPGPPVGAPIRPNFETIIKAGWVLYRGAFSGNIAGSVSPPNRPLTIGADAMRHPWMRTTGVNSICLRGETLNRNIYGHMGPRYGAGSNPVGGPYAHNIQTESYQEVQYKAGFFRGPPNNFMGWENTDNNNAGSGWGNNAIYRDNNFRVPKRVRNYITNNKYNGQGFYAENVFGSRNQEIKISPREFIVNGINLMNTGTFFINQNDINYSPGNRPDIRVIATNVARFNGDATIGNNGYTQFNQPLTRPDNSAEFGQGNVSAMHVTTVGVYNFRSDAQWYVKSNPPEIGNQWGPVWSEATRPLRLVGGTGSADIGGNLRTSGNASHHLATLSLGVNNSRNGANVVTLDTKNDEWIAAAGIGCYNPLEDLTQWSEVDSRLRIFGNNFQKRVHQIMCLPVNMRVPFHFIRGTVVQCGVIPGHNAMQMKAMWAPATTNSATQGDYAITYELVARADGSVEVWVNVEMSNIMNMRVILPEVRIAVQRLA,QFR57578.1,MGFYAGRIGDKKVLSLTSGNNKDVNNHTNPGWDTIFHSDMPHVVVLETHERDLWDGGDWYRCTRMPDRIIQVLSADYDRVVLTEVEFEDGTRRFIYGTSLGVGAKAYNAYFSNTVGSQASAGTMASMKTNVCASADLHMDVSFYFEETPGTINEKLRDGTGCMYTWGVNSEWGDRGPGPPVGAPIRPNFETIIKAGWVLYRGAFSGNIAGSVSPPNRPLTIGADAMRHPWMRTTGVNSICLRGETLNRNIYGHMGPRYGKGSNPVGGPYAHNIQTESYQEVQYKAGFFRGPPNNFMGWENTDNNNAGSGWGNNAIYRDNNFRVPKRVRWYITNMKYNGQGFYAENVFGSRNQEIKISPREFIVNGINLMNTGWKFINQNDINYSPGNRPDIRVIATNVARFNGDATIGNNGYTQFNQPLTRPDNSAEFGQGNVSAMHVTTVGVYNFRSDAQWYVKSNPPEIGNQWGPVWSEATRPLRLVGGTGSADIGGNLRTSGNASHHLATLWLGVNNSRNGACVVTLDWKNDEWIAAAGIGCYNPLEDLTQWSEVDSRLRIFGNNFQKRVHQIMCLPVNMCVPFHFIRGTVVQCGVIPGHNAMQMKAMWAPATTNSATQGDYAITYWLVARADGSVEVWVNVEMSNIMNMRVILPEVRIAVQRLA,43,results/broad/linear_probe/seed_42/model.joblib,results/broad/linear_probe/seed_42/label_classes.json,12,WWD14686.1,Klebsiella,receptor binding tail protein,0.9991291761398317,0.9967836141586304,True,WWD14686.1,Klebsiella,receptor binding tail protein,0.9991291761398317,0.9967836141586304,True,WWD14686.1,Klebsiella,receptor binding tail protein,0.9991291761398317,0.9967836141586304,True,-2.590747356414795,-3.883000055948893,1.2922526995340982,0.997956395149231,True,True,True,True,True,True,diversity,-0.08990584016548511
kleb_to_enterobacter_structural_plus_entropy_diversity_novelty_seed43,/content/phageforge_extracted/phageforge/results/design_runs/kleb_to_enterobacter_structural_plus_entropy_diversity_novelty_seed43,kleb_to_enterobacter_structural_plus_entropy_diversity_novelty_seed43,round4_cand53,4,16,QFR57578.1,MN434096,Klebsiella,Enterobacter,Enterobacter,0.616998284007376,0.5870246075791772,0.9991225600242616,0.0008774399757385,3,K22T;M334N;W620E,MGFYAGRIGDKKVLSLTSGNNTDVNNHTNPGWDTIFHSDMPHVVVLETHERDLWDGGDWYRCTRMPDRIIQVLSADYDRVVLTEVEFEDGTRRFIYGTSLGVGAKAYNAYFSNTVGSQASAGTMASMVTNVCASADLHMDVSFYFEETPGTINEKLRDGTGCMYTWGVNSEWGDRGPGPPVGAPIRPNFETIIKAGWVLYRGAFSGNIAGSVSPPNRPLTIGADAMRHPWMRTTGVNSICLRGETLNRNIYGHMGPRYGAGSNPVGGPYAHNIQTESYQEVQYKAGFFRGPPNNFMGWENTDNNNAGSGWGNNAIYRDNNFRVPKRVRNYITNNKYNGQGFYAENVFGSRNQEIKISPREFIVNGINLMNTGTFFINQNDINYSPGNRPDIRVIATNVARFNGDATIGNNGYTQFNQPLTRPDNSAEFGQGNVSAMHVTTVGVYNFRSDAQWYVKSNPPEIGNQWGPVWSEATRPLRLVGGTGSADIGGNLRTSGNASHHLATLSLGVNNSRNGANVVTLDTKNDEWIAAAGIGCYNPLEDLTQWSEVDSRLRIFGNNFQKRVHQIMCLPVNMRVPFHFIRGTVVQCGVIPGHNAMQMKAMWAPATTNSATQGDYAITYELVARADGSVEVWVNVEMSNIMNMRVILPEVRIAVQRLA,QFR57578.1,MGFYAGRIGDKKVLSLTSGNNKDVNNHTNPGWDTIFHSDMPHVVVLETHERDLWDGGDWYRCTRMPDRIIQVLSADYDRVVLTEVEFEDGTRRFIYGTSLGVGAKAYNAYFSNTVGSQASAGTMASMKTNVCASADLHMDVSFYFEETPGTINEKLRDGTGCMYTWGVNSEWGDRGPGPPVGAPIRPNFETIIKAGWVLYRGAFSGNIAGSVSPPNRPLTIGADAMRHPWMRTTGVNSICLRGETLNRNIYGHMGPRYGKGSNPVGGPYAHNIQTESYQEVQYKAGFFRGPPNNFMGWENTDNNNAGSGWGNNAIYRDNNFRVPKRVRWYITNMKYNGQGFYAENVFGSRNQEIKISPREFIVNGINLMNTGWKFINQNDINYSPGNRPDIRVIATNVARFNGDATIGNNGYTQFNQPLTRPDNSAEFGQGNVSAMHVTTVGVYNFRSDAQWYVKSNPPEIGNQWGPVWSEATRPLRLVGGTGSADIGGNLRTSGNASHHLATLWLGVNNSRNGACVVTLDWKNDEWIAAAGIGCYNPLEDLTQWSEVDSRLRIFGNNFQKRVHQIMCLPVNMCVPFHFIRGTVVQCGVIPGHNAMQMKAMWAPATTNSATQGDYAITYWLVARADGSVEVWVNVEMSNIMNMRVILPEVRIAVQRLA,43,results/broad/linear_probe/seed_42/model.joblib,results/broad/linear_probe/seed_42/label_classes.json,12,WWD14686.1,Klebsiella,receptor binding tail protein,0.9991291761398317,0.9967836141586304,True,WWD14686.1,Klebsiella,receptor binding tail protein,0.9991291761398317,0.9967836141586304,True,WWD14686.1,Klebsiella,receptor binding tail protein,0.9991291761398317,0.9967836141586304,True,-2.590747356414795,-3.883000055948893,1.2922526995340982,0.997956395149231,True,True,True,True,True,True,diversity_plus_novelty,-0.08990584016548511
kleb_to_enterobacter_structural_plus_entropy_diversity_seed43,/content/phageforge_extracted/phageforge/results/design_runs/kleb_to_enterobacter_structural_plus_entropy_diversity_seed43,kleb_to_enterobacter_structural_plus_entropy_diversity_seed43,round4_cand53,4,16,QFR57578.1,MN434096,Klebsiella,Enterobacter,Enterobacter,0.616998284007376,0.616998284007376,0.9991225600242616,0.0008774399757385,3,K22T;M334N;W620E,MGFYAGRIGDKKVLSLTSGNNTDVNNHTNPGWDTIFHSDMPHVVVLETHERDLWDGGDWYRCTRMPDRIIQVLSADYDRVVLTEVEFEDGTRRFIYGTSLGVGAKAYNAYFSNTVGSQASAGTMASMVTNVCASADLHMDVSFYFEETPGTINEKLRDGTGCMYTWGVNSEWGDRGPGPPVGAPIRPNFETIIKAGWVLYRGAFSGNIAGSVSPPNRPLTIGADAMRHPWMRTTGVNSICLRGETLNRNIYGHMGPRYGAGSNPVGGPYAHNIQTESYQEVQYKAGFFRGPPNNFMGWENTDNNNAGSGWGNNAIYRDNNFRVPKRVRNYITNNKYNGQGFYAENVFGSRNQEIKISPREFIVNGINLMNTGTFFINQNDINYSPGNRPDIRVIATNVARFNGDATIGNNGYTQFNQPLTRPDNSAEFGQGNVSAMHVTTVGVYNFRSDAQWYVKSNPPEIGNQWGPVWSEATRPLRLVGGTGSADIGGNLRTSGNASHHLATLSLGVNNSRNGANVVTLDTKNDEWIAAAGIGCYNPLEDLTQWSEVDSRLRIFGNNFQKRVHQIMCLPVNMRVPFHFIRGTVVQCGVIPGHNAMQMKAMWAPATTNSATQGDYAITYELVARADGSVEVWVNVEMSNIMNMRVILPEVRIAVQRLA,QFR57578.1,MGFYAGRIGDKKVLSLTSGNNKDVNNHTNPGWDTIFHSDMPHVVVLETHERDLWDGGDWYRCTRMPDRIIQVLSADYDRVVLTEVEFEDGTRRFIYGTSLGVGAKAYNAYFSNTVGSQASAGTMASMKTNVCASADLHMDVSFYFEETPGTINEKLRDGTGCMYTWGVNSEWGDRGPGPPVGAPIRPNFETIIKAGWVLYRGAFSGNIAGSVSPPNRPLTIGADAMRHPWMRTTGVNSICLRGETLNRNIYGHMGPRYGKGSNPVGGPYAHNIQTESYQEVQYKAGFFRGPPNNFMGWENTDNNNAGSGWGNNAIYRDNNFRVPKRVRWYITNMKYNGQGFYAENVFGSRNQEIKISPREFIVNGINLMNTGWKFINQNDINYSPGNRPDIRVIATNVARFNGDATIGNNGYTQFNQPLTRPDNSAEFGQGNVSAMHVTTVGVYNFRSDAQWYVKSNPPEIGNQWGPVWSEATRPLRLVGGTGSADIGGNLRTSGNASHHLATLWLGVNNSRNGACVVTLDWKNDEWIAAAGIGCYNPLEDLTQWSEVDSRLRIFGNNFQKRVHQIMCLPVNMCVPFHFIRGTVVQCGVIPGHNAMQMKAMWAPATTNSATQGDYAITYWLVARADGSVEVWVNVEMSNIMNMRVILPEVRIAVQRLA,43,results/broad/linear_probe/seed_42/model.joblib,results/broad/linear_probe/seed_42/label_classes.json,12,WWD14686.1,Klebsiella,receptor binding tail protein,0.9991291761398317,0.9967836141586304,True,WWD14686.1,Klebsiella,receptor binding tail protein,0.9991291761398317,0.9967836141586304,True,WWD14686.1,Klebsiella,receptor binding tail protein,0.9991291761398317,0.9967836141586304,True,-2.590747356414795,-3.883000055948893,1.2922526995340982,0.997956395149231,True,True,True,True,True,True,diversity,-0.08990584016548511
optionA_confirm_kleb_to_enterobacter_structural_entropy_diversity_novelty_l5p0_seed43,/content/phageforge_extracted/phageforge/results/design_runs/optionA_confirm_kleb_to_enterobacter_structural_entropy_diversity_novelty_l5p0_seed43,optionA_confirm_kleb_to_enterobacter_structural_entropy_diversity_novelty_l5p0_seed43,round4_cand53,4,16,QFR57578.1,MN434096,Klebsiella,Enterobacter,Enterobacter,0.616998284007376,-4.378614337299997,0.9991225600242616,0.0008774399757385,3,K22T;M334N;W620E,MGFYAGRIGDKKVLSLTSGNNTDVNNHTNPGWDTIFHSDMPHVVVLETHERDLWDGGDWYRCTRMPDRIIQVLSADYDRVVLTEVEFEDGTRRFIYGTSLGVGAKAYNAYFSNTVGSQASAGTMASMVTNVCASADLHMDVSFYFEETPGTINEKLRDGTGCMYTWGVNSEWGDRGPGPPVGAPIRPNFETIIKAGWVLYRGAFSGNIAGSVSPPNRPLTIGADAMRHPWMRTTGVNSICLRGETLNRNIYGHMGPRYGAGSNPVGGPYAHNIQTESYQEVQYKAGFFRGPPNNFMGWENTDNNNAGSGWGNNAIYRDNNFRVPKRVRNYITNNKYNGQGFYAENVFGSRNQEIKISPREFIVNGINLMNTGTFFINQNDINYSPGNRPDIRVIATNVARFNGDATIGNNGYTQFNQPLTRPDNSAEFGQGNVSAMHVTTVGVYNFRSDAQWYVKSNPPEIGNQWGPVWSEATRPLRLVGGTGSADIGGNLRTSGNASHHLATLSLGVNNSRNGANVVTLDTKNDEWIAAAGIGCYNPLEDLTQWSEVDSRLRIFGNNFQKRVHQIMCLPVNMRVPFHFIRGTVVQCGVIPGHNAMQMKAMWAPATTNSATQGDYAITYELVARADGSVEVWVNVEMSNIMNMRVILPEVRIAVQRLA,QFR57578.1,MGFYAGRIGDKKVLSLTSGNNKDVNNHTNPGWDTIFHSDMPHVVVLETHERDLWDGGDWYRCTRMPDRIIQVLSADYDRVVLTEVEFEDGTRRFIYGTSLGVGAKAYNAYFSNTVGSQASAGTMASMKTNVCASADLHMDVSFYFEETPGTINEKLRDGTGCMYTWGVNSEWGDRGPGPPVGAPIRPNFETIIKAGWVLYRGAFSGNIAGSVSPPNRPLTIGADAMRHPWMRTTGVNSICLRGETLNRNIYGHMGPRYGKGSNPVGGPYAHNIQTESYQEVQYKAGFFRGPPNNFMGWENTDNNNAGSGWGNNAIYRDNNFRVPKRVRWYITNMKYNGQGFYAENVFGSRNQEIKISPREFIVNGINLMNTGWKFINQNDINYSPGNRPDIRVIATNVARFNGDATIGNNGYTQFNQPLTRPDNSAEFGQGNVSAMHVTTVGVYNFRSDAQWYVKSNPPEIGNQWGPVWSEATRPLRLVGGTGSADIGGNLRTSGNASHHLATLWLGVNNSRNGACVVTLDWKNDEWIAAAGIGCYNPLEDLTQWSEVDSRLRIFGNNFQKRVHQIMCLPVNMCVPFHFIRGTVVQCGVIPGHNAMQMKAMWAPATTNSATQGDYAITYWLVARADGSVEVWVNVEMSNIMNMRVILPEVRIAVQRLA,43,results/broad/linear_probe/seed_42/model.joblib,results/broad/linear_probe/seed_42/label_classes.json,12,WWD14686.1,Klebsiella,receptor binding tail protein,0.9991291761398317,0.9967836141586304,True,WWD14686.1,Klebsiella,receptor binding tail protein,0.9991291761398317,0.9967836141586304,True,WWD14686.1,Klebsiella,receptor binding tail protein,0.9991291761398317,0.9967836141586304,True,-2.590747356414795,-3.883000055948893,1.2922526995340982,0.997956395149231,True,True,True,True,True,True,diversity_plus_novelty,-0.08990584016548511
kleb_to_acinetobacter_structural_plus_random_diversity_seed44,/content/phageforge_extracted/phageforge/results/design_runs/kleb_to_acinetobacter_structural_plus_random_diversity_seed44,kleb_to_acinetobacter_structural_plus_random_diversity_seed44,round4_cand349,4,38,QFR57578.1,MN434096,Klebsiella,Acinetobacter,Enterobacter,0.1384840620649285,0.1384840620649285,0.9995841979980468,0.0004158020019531,2,R248T;G488A,MGFYAGRIGDKKVLSLTSGNNKDVNNHTNPGWDTIFHSDMPHVVVLETHERDLWDNGDWYRCTRMPDRIIQVLSADYDRVVLTEVEFEDGTRRFIYGTSLGVGAKAYNAYFSNTVGSQASAGTMASMKTNVCASADLHMDVSFYFEETPGTINEKLRDGTGCMYTWGVNSEWGDRGPGPPVGAPIRPNFETIIKAGWVLYRGAFSGNIAGSVSPPNRPLTIGADAMRHPWMRTTGVNSICLRGETLNTNIYGHMGPRYGKGSNPVGGPYAHNIQTESYQEVQYKAGFFRGPPNNFMGWENTDNNNAGSGWGNNAIYRDPNFRVPKRVRWYITNMKYNDQGFYAENVFGSRNQEIKISPREFIVNGINLMNTPWKFINQNDINYSPGNRPDIRVIATNVAGFNGDATIGNNGYTQFNQPLTRPDNSAEFGQGNVSAMHVTTVGVYNFRSDAQWYVKSNPPEIGNQWGPVWSEATRPLRLVGGTGSADIAGNLRTSGNASHHLATLWLGVNNSRNGACVVTLDWKNDEWIAAAGIGCYNPLEDLTQWSEVDSRLRIFGNNFVKRVHQIMCLPVNMCVPFHFIRGTVVQCGVIPGHNAMQMKAMWAPATTNSATQGDNAITYWLVARADGSVEVWCNNEMSNIMNMRVILPEVRIAVQRLA,QFR57578.1,MGFYAGRIGDKKVLSLTSGNNKDVNNHTNPGWDTIFHSDMPHVVVLETHERDLWDGGDWYRCTRMPDRIIQVLSADYDRVVLTEVEFEDGTRRFIYGTSLGVGAKAYNAYFSNTVGSQASAGTMASMKTNVCASADLHMDVSFYFEETPGTINEKLRDGTGCMYTWGVNSEWGDRGPGPPVGAPIRPNFETIIKAGWVLYRGAFSGNIAGSVSPPNRPLTIGADAMRHPWMRTTGVNSICLRGETLNRNIYGHMGPRYGKGSNPVGGPYAHNIQTESYQEVQYKAGFFRGPPNNFMGWENTDNNNAGSGWGNNAIYRDNNFRVPKRVRWYITNMKYNGQGFYAENVFGSRNQEIKISPREFIVNGINLMNTGWKFINQNDINYSPGNRPDIRVIATNVARFNGDATIGNNGYTQFNQPLTRPDNSAEFGQGNVSAMHVTTVGVYNFRSDAQWYVKSNPPEIGNQWGPVWSEATRPLRLVGGTGSADIGGNLRTSGNASHHLATLWLGVNNSRNGACVVTLDWKNDEWIAAAGIGCYNPLEDLTQWSEVDSRLRIFGNNFQKRVHQIMCLPVNMCVPFHFIRGTVVQCGVIPGHNAMQMKAMWAPATTNSATQGDYAITYWLVARADGSVEVWVNVEMSNIMNMRVILPEVRIAVQRLA,44,results/broad/linear_probe/seed_42/model.joblib,results/broad/linear_probe/seed_42/label_classes.json,11,WWD14686.1,Klebsiella,receptor binding tail protein,0.9996106624603271,0.9976375699043274,True,WWD14686.1,Klebsiella,receptor binding tail protein,0.9996106624603271,0.9976375699043274,True,WWD14686.1,Klebsiella,receptor binding tail protein,0.9996106624603271,0.9976375699043274,True,-2.592046022415161,-3.0276758670806885,0.4356298446655273,0.9986241161823272,True,True,True,True,True,True,diversity,-1.2823336946088677
kleb_to_acinetobacter_structural_plus_random_no_diversity_seed44,/content/phageforge_extracted/phageforge/results/design_runs/kleb_to_acinetobacter_structural_plus_random_no_diversity_seed44,kleb_to_acinetobacter_structural_plus_random_no_diversity_seed44,round4_cand349,4,38,QFR57578.1,MN434096,Klebsiella,Acinetobacter,Enterobacter,0.1384840620649285,0.1384840620649285,0.9995842,0.000415802,2,R248T;G488A,MGFYAGRIGDKKVLSLTSGNNKDVNNHTNPGWDTIFHSDMPHVVVLETHERDLWDNGDWYRCTRMPDRIIQVLSADYDRVVLTEVEFEDGTRRFIYGTSLGVGAKAYNAYFSNTVGSQASAGTMASMKTNVCASADLHMDVSFYFEETPGTINEKLRDGTGCMYTWGVNSEWGDRGPGPPVGAPIRPNFETIIKAGWVLYRGAFSGNIAGSVSPPNRPLTIGADAMRHPWMRTTGVNSICLRGETLNTNIYGHMGPRYGKGSNPVGGPYAHNIQTESYQEVQYKAGFFRGPPNNFMGWENTDNNNAGSGWGNNAIYRDPNFRVPKRVRWYITNMKYNDQGFYAENVFGSRNQEIKISPREFIVNGINLMNTPWKFINQNDINYSPGNRPDIRVIATNVAGFNGDATIGNNGYTQFNQPLTRPDNSAEFGQGNVSAMHVTTVGVYNFRSDAQWYVKSNPPEIGNQWGPVWSEATRPLRLVGGTGSADIAGNLRTSGNASHHLATLWLGVNNSRNGACVVTLDWKNDEWIAAAGIGCYNPLEDLTQWSEVDSRLRIFGNNFVKRVHQIMCLPVNMCVPFHFIRGTVVQCGVIPGHNAMQMKAMWAPATTNSATQGDNAITYWLVARADGSVEVWCNNEMSNIMNMRVILPEVRIAVQRLA,QFR57578.1,MGFYAGRIGDKKVLSLTSGNNKDVNNHTNPGWDTIFHSDMPHVVVLETHERDLWDGGDWYRCTRMPDRIIQVLSADYDRVVLTEVEFEDGTRRFIYGTSLGVGAKAYNAYFSNTVGSQASAGTMASMKTNVCASADLHMDVSFYFEETPGTINEKLRDGTGCMYTWGVNSEWGDRGPGPPVGAPIRPNFETIIKAGWVLYRGAFSGNIAGSVSPPNRPLTIGADAMRHPWMRTTGVNSICLRGETLNRNIYGHMGPRYGKGSNPVGGPYAHNIQTESYQEVQYKAGFFRGPPNNFMGWENTDNNNAGSGWGNNAIYRDNNFRVPKRVRWYITNMKYNGQGFYAENVFGSRNQEIKISPREFIVNGINLMNTGWKFINQNDINYSPGNRPDIRVIATNVARFNGDATIGNNGYTQFNQPLTRPDNSAEFGQGNVSAMHVTTVGVYNFRSDAQWYVKSNPPEIGNQWGPVWSEATRPLRLVGGTGSADIGGNLRTSGNASHHLATLWLGVNNSRNGACVVTLDWKNDEWIAAAGIGCYNPLEDLTQWSEVDSRLRIFGNNFQKRVHQIMCLPVNMCVPFHFIRGTVVQCGVIPGHNAMQMKAMWAPATTNSATQGDYAITYWLVARADGSVEVWVNVEMSNIMNMRVILPEVRIAVQRLA,44,results/broad/linear_probe/seed_42/model.joblib,results/broad/linear_probe/seed_42/label_classes.json,11,WWD14686.1,Klebsiella,receptor binding tail protein,0.9996106624603271,0.9976375699043274,True,WWD14686.1,Klebsiella,receptor binding tail protein,0.9996106624603271,0.9976375699043274,True,WWD14686.1,Klebsiella,receptor binding tail protein,0.9996106624603271,0.9976375699043274,True,-2.592046022415161,-3.0276758670806885,0.4356298446655273,0.9986241161823272,True,True,True,True,True,True,diversity,-1.2823336946088677
kleb_to_acinetobacter_structural_random_diversity_seed44,/content/phageforge_extracted/phageforge/results/design_runs/kleb_to_acinetobacter_structural_random_diversity_seed44,kleb_to_acinetobacter_structural_random_diversity_seed44,round4_cand349,4,38,QFR57578.1,MN434096,Klebsiella,Acinetobacter,Enterobacter,0.1384840620649285,0.1384840620649285,0.9995841979980468,0.0004158020019531,2,R248T;G488A,MGFYAGRIGDKKVLSLTSGNNKDVNNHTNPGWDTIFHSDMPHVVVLETHERDLWDNGDWYRCTRMPDRIIQVLSADYDRVVLTEVEFEDGTRRFIYGTSLGVGAKAYNAYFSNTVGSQASAGTMASMKTNVCASADLHMDVSFYFEETPGTINEKLRDGTGCMYTWGVNSEWGDRGPGPPVGAPIRPNFETIIKAGWVLYRGAFSGNIAGSVSPPNRPLTIGADAMRHPWMRTTGVNSICLRGETLNTNIYGHMGPRYGKGSNPVGGPYAHNIQTESYQEVQYKAGFFRGPPNNFMGWENTDNNNAGSGWGNNAIYRDPNFRVPKRVRWYITNMKYNDQGFYAENVFGSRNQEIKISPREFIVNGINLMNTPWKFINQNDINYSPGNRPDIRVIATNVAGFNGDATIGNNGYTQFNQPLTRPDNSAEFGQGNVSAMHVTTVGVYNFRSDAQWYVKSNPPEIGNQWGPVWSEATRPLRLVGGTGSADIAGNLRTSGNASHHLATLWLGVNNSRNGACVVTLDWKNDEWIAAAGIGCYNPLEDLTQWSEVDSRLRIFGNNFVKRVHQIMCLPVNMCVPFHFIRGTVVQCGVIPGHNAMQMKAMWAPATTNSATQGDNAITYWLVARADGSVEVWCNNEMSNIMNMRVILPEVRIAVQRLA,QFR57578.1,MGFYAGRIGDKKVLSLTSGNNKDVNNHTNPGWDTIFHSDMPHVVVLETHERDLWDGGDWYRCTRMPDRIIQVLSADYDRVVLTEVEFEDGTRRFIYGTSLGVGAKAYNAYFSNTVGSQASAGTMASMKTNVCASADLHMDVSFYFEETPGTINEKLRDGTGCMYTWGVNSEWGDRGPGPPVGAPIRPNFETIIKAGWVLYRGAFSGNIAGSVSPPNRPLTIGADAMRHPWMRTTGVNSICLRGETLNRNIYGHMGPRYGKGSNPVGGPYAHNIQTESYQEVQYKAGFFRGPPNNFMGWENTDNNNAGSGWGNNAIYRDNNFRVPKRVRWYITNMKYNGQGFYAENVFGSRNQEIKISPREFIVNGINLMNTGWKFINQNDINYSPGNRPDIRVIATNVARFNGDATIGNNGYTQFNQPLTRPDNSAEFGQGNVSAMHVTTVGVYNFRSDAQWYVKSNPPEIGNQWGPVWSEATRPLRLVGGTGSADIGGNLRTSGNASHHLATLWLGVNNSRNGACVVTLDWKNDEWIAAAGIGCYNPLEDLTQWSEVDSRLRIFGNNFQKRVHQIMCLPVNMCVPFHFIRGTVVQCGVIPGHNAMQMKAMWAPATTNSATQGDYAITYWLVARADGSVEVWVNVEMSNIMNMRVILPEVRIAVQRLA,44,results/broad/linear_probe/seed_42/model.joblib,results/broad/linear_probe/seed_42/label_classes.json,11,WWD14686.1,Klebsiella,receptor binding tail protein,0.9996106624603271,0.9976375699043274,True,WWD14686.1,Klebsiella,receptor binding tail protein,0.9996106624603271,0.9976375699043274,True,WWD14686.1,Klebsiella,receptor binding tail protein,0.9996106624603271,0.9976375699043274,True,-2.592046022415161,-3.0276758670806885,0.4356298446655273,0.9986241161823272,True,True,True,True,True,True,diversity,-1.2823336946088677
kleb_to_acinetobacter_structural_random_no_diversity_seed44,/content/phageforge_extracted/phageforge/results/design_runs/kleb_to_acinetobacter_structural_random_no_diversity_seed44,kleb_to_acinetobacter_structural_random_no_diversity_seed44,round4_cand349,4,38,QFR57578.1,MN434096,Klebsiella,Acinetobacter,Enterobacter,0.1384840620649285,0.1384840620649285,0.9995842,0.000415802,2,R248T;G488A,MGFYAGRIGDKKVLSLTSGNNKDVNNHTNPGWDTIFHSDMPHVVVLETHERDLWDNGDWYRCTRMPDRIIQVLSADYDRVVLTEVEFEDGTRRFIYGTSLGVGAKAYNAYFSNTVGSQASAGTMASMKTNVCASADLHMDVSFYFEETPGTINEKLRDGTGCMYTWGVNSEWGDRGPGPPVGAPIRPNFETIIKAGWVLYRGAFSGNIAGSVSPPNRPLTIGADAMRHPWMRTTGVNSICLRGETLNTNIYGHMGPRYGKGSNPVGGPYAHNIQTESYQEVQYKAGFFRGPPNNFMGWENTDNNNAGSGWGNNAIYRDPNFRVPKRVRWYITNMKYNDQGFYAENVFGSRNQEIKISPREFIVNGINLMNTPWKFINQNDINYSPGNRPDIRVIATNVAGFNGDATIGNNGYTQFNQPLTRPDNSAEFGQGNVSAMHVTTVGVYNFRSDAQWYVKSNPPEIGNQWGPVWSEATRPLRLVGGTGSADIAGNLRTSGNASHHLATLWLGVNNSRNGACVVTLDWKNDEWIAAAGIGCYNPLEDLTQWSEVDSRLRIFGNNFVKRVHQIMCLPVNMCVPFHFIRGTVVQCGVIPGHNAMQMKAMWAPATTNSATQGDNAITYWLVARADGSVEVWCNNEMSNIMNMRVILPEVRIAVQRLA,QFR57578.1,MGFYAGRIGDKKVLSLTSGNNKDVNNHTNPGWDTIFHSDMPHVVVLETHERDLWDGGDWYRCTRMPDRIIQVLSADYDRVVLTEVEFEDGTRRFIYGTSLGVGAKAYNAYFSNTVGSQASAGTMASMKTNVCASADLHMDVSFYFEETPGTINEKLRDGTGCMYTWGVNSEWGDRGPGPPVGAPIRPNFETIIKAGWVLYRGAFSGNIAGSVSPPNRPLTIGADAMRHPWMRTTGVNSICLRGETLNRNIYGHMGPRYGKGSNPVGGPYAHNIQTESYQEVQYKAGFFRGPPNNFMGWENTDNNNAGSGWGNNAIYRDNNFRVPKRVRWYITNMKYNGQGFYAENVFGSRNQEIKISPREFIVNGINLMNTGWKFINQNDINYSPGNRPDIRVIATNVARFNGDATIGNNGYTQFNQPLTRPDNSAEFGQGNVSAMHVTTVGVYNFRSDAQWYVKSNPPEIGNQWGPVWSEATRPLRLVGGTGSADIGGNLRTSGNASHHLATLWLGVNNSRNGACVVTLDWKNDEWIAAAGIGCYNPLEDLTQWSEVDSRLRIFGNNFQKRVHQIMCLPVNMCVPFHFIRGTVVQCGVIPGHNAMQMKAMWAPATTNSATQGDYAITYWLVARADGSVEVWVNVEMSNIMNMRVILPEVRIAVQRLA,44,results/broad/linear_probe/seed_42/model.joblib,results/broad/linear_probe/seed_42/label_classes.json,11,WWD14686.1,Klebsiella,receptor binding tail protein,0.9996106624603271,0.9976375699043274,True,WWD14686.1,Klebsiella,receptor binding tail protein,0.9996106624603271,0.9976375699043274,True,WWD14686.1,Klebsiella,receptor binding tail protein,0.9996106624603271,0.9976375699043274,True,-2.592046022415161,-3.0276758670806885,0.4356298446655273,0.9986241161823272,True,True,True,True,True,True,diversity,-1.2823336946088677
kleb_to_acinetobacter_structural_plus_random_diversity_seed43,/content/phageforge_extracted/phageforge/results/design_runs/kleb_to_acinetobacter_structural_plus_random_diversity_seed43,kleb_to_acinetobacter_structural_plus_random_diversity_seed43,round4_cand157,4,13,QFR57578.1,MN434096,Klebsiella,Acinetobacter,Enterobacter,0.1392637129913576,0.1392637129913576,0.9993430376052856,0.0006569623947143,3,E146T;G340Y;W632Q,MGFYAGKIGDKKVLSLTGGNNKDVNNHTNPGWDTIFHSDMPHVVVLETHERDLWDGGDWYRCTRMPDRIIQVLSADYDRVVLTEVEFEDGTRRFIYGTSLGVGAKAYNAYFSNTVGSQASAGTMASMKTNVCASADLHMDVSFYFTELPGTINEKLRDGTGCMYTWGVNSEWGDRGPGPPVGAPIRPNFETIIKAGWVLYRGAFSGNIAGSVSPPNRPLTIGADAMRHPWMRTTGVNSICLAGETLNRNIYGHMGPRYGKGSNPVGGPYAHNIQTESYQEVQYKAGFFRGPPNNFMGWENTDNNNAGSGWGNNAIYRDNNFRVPKRVRWYITNMKYNGQYFYAENVFGSRNQEIKISPREFIVNGINLMNTGWKFINQPDINYSPGNRPDIRVIATNVARFNGDATIGNNGYTQFNQPLTRPDNSAEFGQGNVSAMHVTTVGVYNFRSDAQWYVKSNPPEIGNQWGPVWSEATTPLRLVGGTGSADIGGNLLTSGNASHHLATLWLGVNNSRNGACVVTLDWKNDEWIAAAGIGCYNPLEDLTQWSEVNSRLRIFGNNFQKRVHQIMCLPVNMCVPFHFIRGTVVQCGVIPGHNAMQMKAMWAPATTNSATQGDYAITYWLVARADGSVEVQTNVEMSNIMNMRVILPEVRIAVQRLA,QFR57578.1,MGFYAGRIGDKKVLSLTSGNNKDVNNHTNPGWDTIFHSDMPHVVVLETHERDLWDGGDWYRCTRMPDRIIQVLSADYDRVVLTEVEFEDGTRRFIYGTSLGVGAKAYNAYFSNTVGSQASAGTMASMKTNVCASADLHMDVSFYFEETPGTINEKLRDGTGCMYTWGVNSEWGDRGPGPPVGAPIRPNFETIIKAGWVLYRGAFSGNIAGSVSPPNRPLTIGADAMRHPWMRTTGVNSICLRGETLNRNIYGHMGPRYGKGSNPVGGPYAHNIQTESYQEVQYKAGFFRGPPNNFMGWENTDNNNAGSGWGNNAIYRDNNFRVPKRVRWYITNMKYNGQGFYAENVFGSRNQEIKISPREFIVNGINLMNTGWKFINQNDINYSPGNRPDIRVIATNVARFNGDATIGNNGYTQFNQPLTRPDNSAEFGQGNVSAMHVTTVGVYNFRSDAQWYVKSNPPEIGNQWGPVWSEATRPLRLVGGTGSADIGGNLRTSGNASHHLATLWLGVNNSRNGACVVTLDWKNDEWIAAAGIGCYNPLEDLTQWSEVDSRLRIFGNNFQKRVHQIMCLPVNMCVPFHFIRGTVVQCGVIPGHNAMQMKAMWAPATTNSATQGDYAITYWLVARADGSVEVWVNVEMSNIMNMRVILPEVRIAVQRLA,43,results/broad/linear_probe/seed_42/model.joblib,results/broad/linear_probe/seed_42/label_classes.json,12,WWD14686.1,Klebsiella,receptor binding tail protein,0.999465823173523,0.9978758096694946,True,WWD14686.1,Klebsiella,receptor binding tail protein,0.999465823173523,0.9978758096694946,True,WWD14686.1,Klebsiella,receptor binding tail protein,0.999465823173523,0.9978758096694946,True,-2.839549462000529,-2.868066151936849,0.0285166899363202,0.9986708164215088,True,True,True,True,True,True,diversity,-1.4431341454246491
kleb_to_acinetobacter_structural_plus_random_no_diversity_seed43,/content/phageforge_extracted/phageforge/results/design_runs/kleb_to_acinetobacter_structural_plus_random_no_diversity_seed43,kleb_to_acinetobacter_structural_plus_random_no_diversity_seed43,round4_cand157,4,13,QFR57578.1,MN434096,Klebsiella,Acinetobacter,Enterobacter,0.1392637129913576,0.1392637129913576,0.99934304,0.0006569624,3,E146T;G340Y;W632Q,MGFYAGKIGDKKVLSLTGGNNKDVNNHTNPGWDTIFHSDMPHVVVLETHERDLWDGGDWYRCTRMPDRIIQVLSADYDRVVLTEVEFEDGTRRFIYGTSLGVGAKAYNAYFSNTVGSQASAGTMASMKTNVCASADLHMDVSFYFTELPGTINEKLRDGTGCMYTWGVNSEWGDRGPGPPVGAPIRPNFETIIKAGWVLYRGAFSGNIAGSVSPPNRPLTIGADAMRHPWMRTTGVNSICLAGETLNRNIYGHMGPRYGKGSNPVGGPYAHNIQTESYQEVQYKAGFFRGPPNNFMGWENTDNNNAGSGWGNNAIYRDNNFRVPKRVRWYITNMKYNGQYFYAENVFGSRNQEIKISPREFIVNGINLMNTGWKFINQPDINYSPGNRPDIRVIATNVARFNGDATIGNNGYTQFNQPLTRPDNSAEFGQGNVSAMHVTTVGVYNFRSDAQWYVKSNPPEIGNQWGPVWSEATTPLRLVGGTGSADIGGNLLTSGNASHHLATLWLGVNNSRNGACVVTLDWKNDEWIAAAGIGCYNPLEDLTQWSEVNSRLRIFGNNFQKRVHQIMCLPVNMCVPFHFIRGTVVQCGVIPGHNAMQMKAMWAPATTNSATQGDYAITYWLVARADGSVEVQTNVEMSNIMNMRVILPEVRIAVQRLA,QFR57578.1,MGFYAGRIGDKKVLSLTSGNNKDVNNHTNPGWDTIFHSDMPHVVVLETHERDLWDGGDWYRCTRMPDRIIQVLSADYDRVVLTEVEFEDGTRRFIYGTSLGVGAKAYNAYFSNTVGSQASAGTMASMKTNVCASADLHMDVSFYFEETPGTINEKLRDGTGCMYTWGVNSEWGDRGPGPPVGAPIRPNFETIIKAGWVLYRGAFSGNIAGSVSPPNRPLTIGADAMRHPWMRTTGVNSICLRGETLNRNIYGHMGPRYGKGSNPVGGPYAHNIQTESYQEVQYKAGFFRGPPNNFMGWENTDNNNAGSGWGNNAIYRDNNFRVPKRVRWYITNMKYNGQGFYAENVFGSRNQEIKISPREFIVNGINLMNTGWKFINQNDINYSPGNRPDIRVIATNVARFNGDATIGNNGYTQFNQPLTRPDNSAEFGQGNVSAMHVTTVGVYNFRSDAQWYVKSNPPEIGNQWGPVWSEATRPLRLVGGTGSADIGGNLRTSGNASHHLATLWLGVNNSRNGACVVTLDWKNDEWIAAAGIGCYNPLEDLTQWSEVDSRLRIFGNNFQKRVHQIMCLPVNMCVPFHFIRGTVVQCGVIPGHNAMQMKAMWAPATTNSATQGDYAITYWLVARADGSVEVWVNVEMSNIMNMRVILPEVRIAVQRLA,43,results/broad/linear_probe/seed_42/model.joblib,results/broad/linear_probe/seed_42/label_classes.json,12,WWD14686.1,Klebsiella,receptor binding tail protein,0.999465823173523,0.9978758096694946,True,WWD14686.1,Klebsiella,receptor binding tail protein,0.999465823173523,0.9978758096694946,True,WWD14686.1,Klebsiella,receptor binding tail protein,0.999465823173523,0.9978758096694946,True,-2.839549462000529,-2.868066151936849,0.0285166899363202,0.9986708164215088,True,True,True,True,True,True,diversity,-1.4431341454246491
kleb_to_acinetobacter_structural_random_diversity_seed43,/content/phageforge_extracted/phageforge/results/design_runs/kleb_to_acinetobacter_structural_random_diversity_seed43,kleb_to_acinetobacter_structural_random_diversity_seed43,round4_cand157,4,13,QFR57578.1,MN434096,Klebsiella,Acinetobacter,Enterobacter,0.1392637129913576,0.1392637129913576,0.9993430376052856,0.0006569623947143,3,E146T;G340Y;W632Q,MGFYAGKIGDKKVLSLTGGNNKDVNNHTNPGWDTIFHSDMPHVVVLETHERDLWDGGDWYRCTRMPDRIIQVLSADYDRVVLTEVEFEDGTRRFIYGTSLGVGAKAYNAYFSNTVGSQASAGTMASMKTNVCASADLHMDVSFYFTELPGTINEKLRDGTGCMYTWGVNSEWGDRGPGPPVGAPIRPNFETIIKAGWVLYRGAFSGNIAGSVSPPNRPLTIGADAMRHPWMRTTGVNSICLAGETLNRNIYGHMGPRYGKGSNPVGGPYAHNIQTESYQEVQYKAGFFRGPPNNFMGWENTDNNNAGSGWGNNAIYRDNNFRVPKRVRWYITNMKYNGQYFYAENVFGSRNQEIKISPREFIVNGINLMNTGWKFINQPDINYSPGNRPDIRVIATNVARFNGDATIGNNGYTQFNQPLTRPDNSAEFGQGNVSAMHVTTVGVYNFRSDAQWYVKSNPPEIGNQWGPVWSEATTPLRLVGGTGSADIGGNLLTSGNASHHLATLWLGVNNSRNGACVVTLDWKNDEWIAAAGIGCYNPLEDLTQWSEVNSRLRIFGNNFQKRVHQIMCLPVNMCVPFHFIRGTVVQCGVIPGHNAMQMKAMWAPATTNSATQGDYAITYWLVARADGSVEVQTNVEMSNIMNMRVILPEVRIAVQRLA,QFR57578.1,MGFYAGRIGDKKVLSLTSGNNKDVNNHTNPGWDTIFHSDMPHVVVLETHERDLWDGGDWYRCTRMPDRIIQVLSADYDRVVLTEVEFEDGTRRFIYGTSLGVGAKAYNAYFSNTVGSQASAGTMASMKTNVCASADLHMDVSFYFEETPGTINEKLRDGTGCMYTWGVNSEWGDRGPGPPVGAPIRPNFETIIKAGWVLYRGAFSGNIAGSVSPPNRPLTIGADAMRHPWMRTTGVNSICLRGETLNRNIYGHMGPRYGKGSNPVGGPYAHNIQTESYQEVQYKAGFFRGPPNNFMGWENTDNNNAGSGWGNNAIYRDNNFRVPKRVRWYITNMKYNGQGFYAENVFGSRNQEIKISPREFIVNGINLMNTGWKFINQNDINYSPGNRPDIRVIATNVARFNGDATIGNNGYTQFNQPLTRPDNSAEFGQGNVSAMHVTTVGVYNFRSDAQWYVKSNPPEIGNQWGPVWSEATRPLRLVGGTGSADIGGNLRTSGNASHHLATLWLGVNNSRNGACVVTLDWKNDEWIAAAGIGCYNPLEDLTQWSEVDSRLRIFGNNFQKRVHQIMCLPVNMCVPFHFIRGTVVQCGVIPGHNAMQMKAMWAPATTNSATQGDYAITYWLVARADGSVEVWVNVEMSNIMNMRVILPEVRIAVQRLA,43,results/broad/linear_probe/seed_42/model.joblib,results/broad/linear_probe/seed_42/label_classes.json,12,WWD14686.1,Klebsiella,receptor binding tail protein,0.999465823173523,0.9978758096694946,True,WWD14686.1,Klebsiella,receptor binding tail protein,0.999465823173523,0.9978758096694946,True,WWD14686.1,Klebsiella,receptor binding tail protein,0.999465823173523,0.9978758096694946,True,-2.839549462000529,-2.868066151936849,0.0285166899363202,0.9986708164215088,True,True,True,True,True,True,diversity,-1.4431341454246491
kleb_to_acinetobacter_structural_random_no_diversity_seed43,/content/phageforge_extracted/phageforge/results/design_runs/kleb_to_acinetobacter_structural_random_no_diversity_seed43,kleb_to_acinetobacter_structural_random_no_diversity_seed43,round4_cand157,4,13,QFR57578.1,MN434096,Klebsiella,Acinetobacter,Enterobacter,0.1392637129913576,0.1392637129913576,0.99934304,0.0006569624,3,E146T;G340Y;W632Q,MGFYAGKIGDKKVLSLTGGNNKDVNNHTNPGWDTIFHSDMPHVVVLETHERDLWDGGDWYRCTRMPDRIIQVLSADYDRVVLTEVEFEDGTRRFIYGTSLGVGAKAYNAYFSNTVGSQASAGTMASMKTNVCASADLHMDVSFYFTELPGTINEKLRDGTGCMYTWGVNSEWGDRGPGPPVGAPIRPNFETIIKAGWVLYRGAFSGNIAGSVSPPNRPLTIGADAMRHPWMRTTGVNSICLAGETLNRNIYGHMGPRYGKGSNPVGGPYAHNIQTESYQEVQYKAGFFRGPPNNFMGWENTDNNNAGSGWGNNAIYRDNNFRVPKRVRWYITNMKYNGQYFYAENVFGSRNQEIKISPREFIVNGINLMNTGWKFINQPDINYSPGNRPDIRVIATNVARFNGDATIGNNGYTQFNQPLTRPDNSAEFGQGNVSAMHVTTVGVYNFRSDAQWYVKSNPPEIGNQWGPVWSEATTPLRLVGGTGSADIGGNLLTSGNASHHLATLWLGVNNSRNGACVVTLDWKNDEWIAAAGIGCYNPLEDLTQWSEVNSRLRIFGNNFQKRVHQIMCLPVNMCVPFHFIRGTVVQCGVIPGHNAMQMKAMWAPATTNSATQGDYAITYWLVARADGSVEVQTNVEMSNIMNMRVILPEVRIAVQRLA,QFR57578.1,MGFYAGRIGDKKVLSLTSGNNKDVNNHTNPGWDTIFHSDMPHVVVLETHERDLWDGGDWYRCTRMPDRIIQVLSADYDRVVLTEVEFEDGTRRFIYGTSLGVGAKAYNAYFSNTVGSQASAGTMASMKTNVCASADLHMDVSFYFEETPGTINEKLRDGTGCMYTWGVNSEWGDRGPGPPVGAPIRPNFETIIKAGWVLYRGAFSGNIAGSVSPPNRPLTIGADAMRHPWMRTTGVNSICLRGETLNRNIYGHMGPRYGKGSNPVGGPYAHNIQTESYQEVQYKAGFFRGPPNNFMGWENTDNNNAGSGWGNNAIYRDNNFRVPKRVRWYITNMKYNGQGFYAENVFGSRNQEIKISPREFIVNGINLMNTGWKFINQNDINYSPGNRPDIRVIATNVARFNGDATIGNNGYTQFNQPLTRPDNSAEFGQGNVSAMHVTTVGVYNFRSDAQWYVKSNPPEIGNQWGPVWSEATRPLRLVGGTGSADIGGNLRTSGNASHHLATLWLGVNNSRNGACVVTLDWKNDEWIAAAGIGCYNPLEDLTQWSEVDSRLRIFGNNFQKRVHQIMCLPVNMCVPFHFIRGTVVQCGVIPGHNAMQMKAMWAPATTNSATQGDYAITYWLVARADGSVEVWVNVEMSNIMNMRVILPEVRIAVQRLA,43,results/broad/linear_probe/seed_42/model.joblib,results/broad/linear_probe/seed_42/label_classes.json,12,WWD14686.1,Klebsiella,receptor binding tail protein,0.999465823173523,0.9978758096694946,True,WWD14686.1,Klebsiella,receptor binding tail protein,0.999465823173523,0.9978758096694946,True,WWD14686.1,Klebsiella,receptor binding tail protein,0.999465823173523,0.9978758096694946,True,-2.839549462000529,-2.868066151936849,0.0285166899363202,0.9986708164215088,True,True,True,True,True,True,diversity,-1.4431341454246491
